task,source_layer,target_rank,downstream_layer,distance,metric,clean_value,intervened_value,delta,abs_delta
sst2,0,1,1,1,effective_rank,22.223249696195126,1.1647191494703293,-21.058530546724796,21.058530546724796
sst2,0,1,1,1,stable_rank,3.1631225794553757,1.001303967088461,-2.1618186123669147,2.1618186123669147
sst2,0,1,1,1,mean_pairwise_cosine,0.28139249072410166,0.9986282913014293,0.7172358005773276,0.7172358005773276
sst2,0,1,1,1,attention_entropy,1.6648044064640999,3.096332661807537,1.4315282553434372,1.4315282553434372
sst2,0,1,2,2,effective_rank,21.115412153303623,1.1060241963714361,-20.009387956932187,20.009387956932187
sst2,0,1,2,2,stable_rank,2.2293835133314133,1.0004411153495312,-1.228942397981882,1.228942397981882
sst2,0,1,2,2,mean_pairwise_cosine,0.4059231160208583,0.9995316928252578,0.5936085768043995,0.5936085768043995
sst2,0,1,2,2,attention_entropy,1.6194153791293502,3.118898507207632,1.4994831280782819,1.4994831280782819
sst2,0,1,3,3,effective_rank,19.632565714418888,1.0741578619927168,-18.55840785242617,18.55840785242617
sst2,0,1,3,3,stable_rank,1.7442014180123806,1.0001814924180508,-0.7440199255943298,0.7440199255943298
sst2,0,1,3,3,mean_pairwise_cosine,0.5122592430561781,0.9998064497485757,0.4875472066923976,0.4875472066923976
sst2,0,1,3,3,attention_entropy,1.2889608200639486,3.1188926100730896,1.829931790009141,1.829931790009141
sst2,0,1,4,4,effective_rank,17.060231760144234,1.0525437518954277,-16.007688008248806,16.007688008248806
sst2,0,1,4,4,stable_rank,1.4501433949917555,1.000088544562459,-0.4500548504292965,0.4500548504292965
sst2,0,1,4,4,mean_pairwise_cosine,0.5785202090628445,0.9999023647978902,0.42138215573504567,0.42138215573504567
sst2,0,1,4,4,attention_entropy,1.6850440111011267,3.1187236420810223,1.4336796309798956,1.4336796309798956
sst2,0,1,5,5,effective_rank,18.338236525654793,1.046731574460864,-17.29150495119393,17.29150495119393
sst2,0,1,5,5,stable_rank,2.070058349519968,1.0000966601073742,-1.0699616894125938,1.0699616894125938
sst2,0,1,5,5,mean_pairwise_cosine,0.474280446767807,0.9999016104266047,0.5256211636587977,0.5256211636587977
sst2,0,1,5,5,attention_entropy,1.9212252125144005,3.118600945919752,1.1973757334053516,1.1973757334053516
sst2,0,2,1,1,effective_rank,22.223249696195126,2.5113992653787136,-19.711850430816412,19.711850430816412
sst2,0,2,1,1,stable_rank,3.1631225794553757,1.1197052616626024,-2.0434173177927732,2.0434173177927732
sst2,0,2,1,1,mean_pairwise_cosine,0.28139249072410166,0.8982446491718292,0.6168521584477276,0.6168521584477276
sst2,0,2,1,1,attention_entropy,1.6648044064640999,2.9723791014403105,1.3075746949762106,1.3075746949762106
sst2,0,2,2,2,effective_rank,21.115412153303623,2.2407135404646397,-18.874698612838984,18.874698612838984
sst2,0,2,2,2,stable_rank,2.2293835133314133,1.0597290135920048,-1.1696544997394085,1.1696544997394085
sst2,0,2,2,2,mean_pairwise_cosine,0.4059231160208583,0.9426389699801803,0.536715853959322,0.536715853959322
sst2,0,2,2,2,attention_entropy,1.6194153791293502,3.028934482485056,1.4095191033557057,1.4095191033557057
sst2,0,2,3,3,effective_rank,19.632565714418888,2.0168498028069735,-17.615715911611915,17.615715911611915
sst2,0,2,3,3,stable_rank,1.7442014180123806,1.0361359938979149,-0.7080654241144657,0.7080654241144657
sst2,0,2,3,3,mean_pairwise_cosine,0.5122592430561781,0.9623420890420675,0.45008284598588943,0.45008284598588943
sst2,0,2,3,3,attention_entropy,1.2889608200639486,2.983260978013277,1.6943001579493284,1.6943001579493284
sst2,0,2,4,4,effective_rank,17.060231760144234,1.7771489415317774,-15.283082818612456,15.283082818612456
sst2,0,2,4,4,stable_rank,1.4501433949917555,1.0194765906780958,-0.43066680431365967,0.43066680431365967
sst2,0,2,4,4,mean_pairwise_cosine,0.5785202090628445,0.9783182805404067,0.3997980714775622,0.3997980714775622
sst2,0,2,4,4,attention_entropy,1.6850440111011267,3.0363982431590557,1.351354232057929,1.351354232057929
sst2,0,2,5,5,effective_rank,18.338236525654793,1.7493878826498985,-16.588848643004894,16.588848643004894
sst2,0,2,5,5,stable_rank,2.070058349519968,1.02300382591784,-1.047054523602128,1.047054523602128
sst2,0,2,5,5,mean_pairwise_cosine,0.474280446767807,0.9781441483646631,0.5038637015968561,0.5038637015968561
sst2,0,2,5,5,attention_entropy,1.9212252125144005,3.0274852011352777,1.1062599886208773,1.1062599886208773
sst2,0,4,1,1,effective_rank,22.223249696195126,6.125596351921558,-16.097653344273567,16.097653344273567
sst2,0,4,1,1,stable_rank,3.1631225794553757,1.3267816305160522,-1.8363409489393234,1.8363409489393234
sst2,0,4,1,1,mean_pairwise_cosine,0.28139249072410166,0.7628338783979416,0.4814413876738399,0.4814413876738399
sst2,0,4,1,1,attention_entropy,1.6648044064640999,2.752610130235553,1.087805723771453,1.087805723771453
sst2,0,4,2,2,effective_rank,21.115412153303623,5.387776490300894,-15.72763566300273,15.72763566300273
sst2,0,4,2,2,stable_rank,2.2293835133314133,1.1701361369341612,-1.059247376397252,1.059247376397252
sst2,0,4,2,2,mean_pairwise_cosine,0.4059231160208583,0.8543605674058199,0.4484374513849616,0.4484374513849616
sst2,0,4,2,2,attention_entropy,1.6194153791293502,2.8620497081428766,1.2426343290135264,1.2426343290135264
sst2,0,4,3,3,effective_rank,19.632565714418888,4.667914945632219,-14.964650768786669,14.964650768786669
sst2,0,4,3,3,stable_rank,1.7442014180123806,1.1067757736891508,-0.6374256443232298,0.6374256443232298
sst2,0,4,3,3,mean_pairwise_cosine,0.5122592430561781,0.9000792969018221,0.387820053845644,0.387820053845644
sst2,0,4,3,3,attention_entropy,1.2889608200639486,2.7142733223736286,1.42531250230968,1.42531250230968
sst2,0,4,4,4,effective_rank,17.060231760144234,3.6770768240094185,-13.383154936134815,13.383154936134815
sst2,0,4,4,4,stable_rank,1.4501433949917555,1.0534915328025818,-0.3966518621891737,0.3966518621891737
sst2,0,4,4,4,mean_pairwise_cosine,0.5785202090628445,0.9420428536832333,0.36352264462038875,0.36352264462038875
sst2,0,4,4,4,attention_entropy,1.6850440111011267,2.9028658904135227,1.217821879312396,1.217821879312396
sst2,0,4,5,5,effective_rank,18.338236525654793,3.421596225351095,-14.916640300303698,14.916640300303698
sst2,0,4,5,5,stable_rank,2.070058349519968,1.0507343839854002,-1.0193239655345678,1.0193239655345678
sst2,0,4,5,5,mean_pairwise_cosine,0.474280446767807,0.94720175024122,0.472921303473413,0.472921303473413
sst2,0,4,5,5,attention_entropy,1.9212252125144005,2.9644057732075453,1.0431805606931448,1.0431805606931448
sst2,0,8,1,1,effective_rank,22.223249696195126,11.341840654611588,-10.881409041583538,10.881409041583538
sst2,0,8,1,1,stable_rank,3.1631225794553757,1.7102265562862158,-1.45289602316916,1.45289602316916
sst2,0,8,1,1,mean_pairwise_cosine,0.28139249072410166,0.5946298628114164,0.3132373720873147,0.3132373720873147
sst2,0,8,1,1,attention_entropy,1.6648044064640999,2.472836848348379,0.8080324418842793,0.8080324418842793
sst2,0,8,2,2,effective_rank,21.115412153303623,10.223250687122345,-10.892161466181278,10.892161466181278
sst2,0,8,2,2,stable_rank,2.2293835133314133,1.4207496549934149,-0.8086338583379984,0.8086338583379984
sst2,0,8,2,2,mean_pairwise_cosine,0.4059231160208583,0.7077757269144058,0.30185261089354753,0.30185261089354753
sst2,0,8,2,2,attention_entropy,1.6194153791293502,2.5667219907045364,0.9473066115751863,0.9473066115751863
sst2,0,8,3,3,effective_rank,19.632565714418888,9.045555792748928,-10.58700992166996,10.58700992166996
sst2,0,8,3,3,stable_rank,1.7442014180123806,1.2594047263264656,-0.484796691685915,0.484796691685915
sst2,0,8,3,3,mean_pairwise_cosine,0.5122592430561781,0.7748228297568858,0.2625635867007077,0.2625635867007077
sst2,0,8,3,3,attention_entropy,1.2889608200639486,2.312726741656661,1.0237659215927124,1.0237659215927124
sst2,0,8,4,4,effective_rank,17.060231760144234,7.101854383945465,-9.958377376198769,9.958377376198769
sst2,0,8,4,4,stable_rank,1.4501433949917555,1.1409152001142502,-0.3092281948775053,0.3092281948775053
sst2,0,8,4,4,mean_pairwise_cosine,0.5785202090628445,0.8368990947492421,0.25837888568639755,0.25837888568639755
sst2,0,8,4,4,attention_entropy,1.6850440111011267,2.6637712493538857,0.978727238252759,0.978727238252759
sst2,0,8,5,5,effective_rank,18.338236525654793,6.7213107496500015,-11.616925776004791,11.616925776004791
sst2,0,8,5,5,stable_rank,2.070058349519968,1.2275250162929296,-0.8425333332270384,0.8425333332270384
sst2,0,8,5,5,mean_pairwise_cosine,0.474280446767807,0.8360014231875539,0.3617209764197469,0.3617209764197469
sst2,0,8,5,5,attention_entropy,1.9212252125144005,2.782955477014184,0.8617302644997835,0.8617302644997835
sst2,0,16,1,1,effective_rank,22.223249696195126,17.21553711593151,-5.007712580263615,5.007712580263615
sst2,0,16,1,1,stable_rank,3.1631225794553757,2.372611381113529,-0.7905111983418465,0.7905111983418465
sst2,0,16,1,1,mean_pairwise_cosine,0.28139249072410166,0.40948979184031487,0.1280973011162132,0.1280973011162132
sst2,0,16,1,1,attention_entropy,1.6648044064640999,2.0971377454698086,0.4323333390057087,0.4323333390057087
sst2,0,16,2,2,effective_rank,21.115412153303623,16.227293834090233,-4.88811831921339,4.88811831921339
sst2,0,16,2,2,stable_rank,2.2293835133314133,1.8844176717102528,-0.3449658416211605,0.3449658416211605
sst2,0,16,2,2,mean_pairwise_cosine,0.4059231160208583,0.5102448649704456,0.10432174894958735,0.10432174894958735
sst2,0,16,2,2,attention_entropy,1.6194153791293502,2.0346173932775855,0.4152020141482353,0.4152020141482353
sst2,0,16,3,3,effective_rank,19.632565714418888,15.01484639942646,-4.617719314992428,4.617719314992428
sst2,0,16,3,3,stable_rank,1.7442014180123806,1.5509695187211037,-0.19323189929127693,0.19323189929127693
sst2,0,16,3,3,mean_pairwise_cosine,0.5122592430561781,0.5898495856672525,0.07759034261107445,0.07759034261107445
sst2,0,16,3,3,attention_entropy,1.2889608200639486,1.774232559837401,0.4852717397734523,0.4852717397734523
sst2,0,16,4,4,effective_rank,17.060231760144234,12.697093270719051,-4.363138489425182,4.363138489425182
sst2,0,16,4,4,stable_rank,1.4501433949917555,1.3173095621168613,-0.13283383287489414,0.13283383287489414
sst2,0,16,4,4,mean_pairwise_cosine,0.5785202090628445,0.6648150561377406,0.0862948470748961,0.0862948470748961
sst2,0,16,4,4,attention_entropy,1.6850440111011267,2.186863800510764,0.5018197894096375,0.5018197894096375
sst2,0,16,5,5,effective_rank,18.338236525654793,12.817442424595356,-5.520794101059437,5.520794101059437
sst2,0,16,5,5,stable_rank,2.070058349519968,1.7287225313484669,-0.34133581817150116,0.34133581817150116
sst2,0,16,5,5,mean_pairwise_cosine,0.474280446767807,0.6194986952468753,0.14521824847906828,0.14521824847906828
sst2,0,16,5,5,attention_entropy,1.9212252125144005,2.3379762936383486,0.4167510811239481,0.4167510811239481
sst2,0,32,1,1,effective_rank,22.223249696195126,21.682973220944405,-0.540276475250721,0.540276475250721
sst2,0,32,1,1,stable_rank,3.1631225794553757,3.066616076976061,-0.0965065024793148,0.0965065024793148
sst2,0,32,1,1,mean_pairwise_cosine,0.28139249072410166,0.2906709387898445,0.00927844806574285,0.00927844806574285
sst2,0,32,1,1,attention_entropy,1.6648044064640999,1.7261480577290058,0.06134365126490593,0.06134365126490593
sst2,0,32,2,2,effective_rank,21.115412153303623,20.759507283568382,-0.35590486973524094,0.35590486973524094
sst2,0,32,2,2,stable_rank,2.2293835133314133,2.2486042492091656,0.019220735877752304,0.019220735877752304
sst2,0,32,2,2,mean_pairwise_cosine,0.4059231160208583,0.40158439381048083,-0.004338722210377455,0.004338722210377455
sst2,0,32,2,2,attention_entropy,1.6194153791293502,1.6173026533797383,-0.0021127257496118546,0.0021127257496118546
sst2,0,32,3,3,effective_rank,19.632565714418888,19.385963052511215,-0.24660266190767288,0.24660266190767288
sst2,0,32,3,3,stable_rank,1.7442014180123806,1.7545072920620441,0.010305874049663544,0.010305874049663544
sst2,0,32,3,3,mean_pairwise_cosine,0.5122592430561781,0.5048892698250711,-0.0073699732311069965,0.0073699732311069965
sst2,0,32,3,3,attention_entropy,1.2889608200639486,1.3520467141643167,0.06308589410036802,0.06308589410036802
sst2,0,32,4,4,effective_rank,17.060231760144234,16.930375672876835,-0.12985608726739883,0.12985608726739883
sst2,0,32,4,4,stable_rank,1.4501433949917555,1.4523330722004175,0.002189677208662033,0.002189677208662033
sst2,0,32,4,4,mean_pairwise_cosine,0.5785202090628445,0.5743265533819795,-0.004193655680865049,0.004193655680865049
sst2,0,32,4,4,attention_entropy,1.6850440111011267,1.7428000383079052,0.057756027206778526,0.057756027206778526
sst2,0,32,5,5,effective_rank,18.338236525654793,17.981924541294575,-0.35631198436021805,0.35631198436021805
sst2,0,32,5,5,stable_rank,2.070058349519968,2.0638619735836983,-0.00619637593626976,0.00619637593626976
sst2,0,32,5,5,mean_pairwise_cosine,0.474280446767807,0.47827001847326756,0.003989571705460548,0.003989571705460548
sst2,0,32,5,5,attention_entropy,1.9212252125144005,1.9590979535132647,0.037872740998864174,0.037872740998864174
sst2,1,1,2,1,effective_rank,21.115412153303623,1.2661676090210676,-19.849244544282556,19.849244544282556
sst2,1,1,2,1,stable_rank,2.2293835133314133,1.0037974007427692,-1.225586112588644,1.225586112588644
sst2,1,1,2,1,mean_pairwise_cosine,0.4059231160208583,0.9961398541927338,0.5902167381718755,0.5902167381718755
sst2,1,1,2,1,attention_entropy,1.6194153791293502,3.0972974188625813,1.477882039733231,1.477882039733231
sst2,1,1,3,2,effective_rank,19.632565714418888,1.1799210887402296,-18.45264462567866,18.45264462567866
sst2,1,1,3,2,stable_rank,1.7442014180123806,1.0013546627014875,-0.7428467553108931,0.7428467553108931
sst2,1,1,3,2,mean_pairwise_cosine,0.5122592430561781,0.9984563998878002,0.4861971568316221,0.4861971568316221
sst2,1,1,3,2,attention_entropy,1.2889608200639486,3.1156600452959538,1.8266992252320051,1.8266992252320051
sst2,1,1,4,3,effective_rank,17.060231760144234,1.1281875185668468,-15.932044241577387,15.932044241577387
sst2,1,1,4,3,stable_rank,1.4501433949917555,1.0005940441042185,-0.449549350887537,0.449549350887537
sst2,1,1,4,3,mean_pairwise_cosine,0.5785202090628445,0.9992404179647565,0.420720208901912,0.420720208901912
sst2,1,1,4,3,attention_entropy,1.6850440111011267,3.11651099473238,1.4314669836312532,1.4314669836312532
sst2,1,1,5,4,effective_rank,18.338236525654793,1.1185296941548586,-17.219706831499934,17.219706831499934
sst2,1,1,5,4,stable_rank,2.070058349519968,1.0005609579384327,-1.0694973915815353,1.0694973915815353
sst2,1,1,5,4,mean_pairwise_cosine,0.474280446767807,0.9994716821238399,0.5251912353560328,0.5251912353560328
sst2,1,1,5,4,attention_entropy,1.9212252125144005,3.1089567206799984,1.187731508165598,1.187731508165598
sst2,1,2,2,1,effective_rank,21.115412153303623,2.4950641691684723,-18.62034798413515,18.62034798413515
sst2,1,2,2,1,stable_rank,2.2293835133314133,1.0791721567511559,-1.1502113565802574,1.1502113565802574
sst2,1,2,2,1,mean_pairwise_cosine,0.4059231160208583,0.925390194170177,0.5194670781493187,0.5194670781493187
sst2,1,2,2,1,attention_entropy,1.6194153791293502,2.957402838394046,1.3379874592646956,1.3379874592646956
sst2,1,2,3,2,effective_rank,19.632565714418888,2.180823963135481,-17.451741751283407,17.451741751283407
sst2,1,2,3,2,stable_rank,1.7442014180123806,1.0426210556179285,-0.7015803623944521,0.7015803623944521
sst2,1,2,3,2,mean_pairwise_cosine,0.5122592430561781,0.9560119742527604,0.4437527311965823,0.4437527311965823
sst2,1,2,3,2,attention_entropy,1.2889608200639486,2.9612079802900553,1.6722471602261066,1.6722471602261066
sst2,1,2,4,3,effective_rank,17.060231760144234,1.9224565271288157,-15.137775233015418,15.137775233015418
sst2,1,2,4,3,stable_rank,1.4501433949917555,1.0255674291402102,-0.42457596585154533,0.42457596585154533
sst2,1,2,4,3,mean_pairwise_cosine,0.5785202090628445,0.9712338056415319,0.39271359657868743,0.39271359657868743
sst2,1,2,4,3,attention_entropy,1.6850440111011267,3.0072263721376657,1.322182361036539,1.322182361036539
sst2,1,2,5,4,effective_rank,18.338236525654793,1.8949882052838802,-16.443248320370913,16.443248320370913
sst2,1,2,5,4,stable_rank,2.070058349519968,1.0291154645383358,-1.0409428849816322,1.0409428849816322
sst2,1,2,5,4,mean_pairwise_cosine,0.474280446767807,0.9706536512821913,0.49637320451438427,0.49637320451438427
sst2,1,2,5,4,attention_entropy,1.9212252125144005,2.999328948557377,1.0781037360429764,1.0781037360429764
sst2,1,4,2,1,effective_rank,21.115412153303623,5.672854527831078,-15.442557625472546,15.442557625472546
sst2,1,4,2,1,stable_rank,2.2293835133314133,1.206587877124548,-1.0227956362068653,1.0227956362068653
sst2,1,4,2,1,mean_pairwise_cosine,0.4059231160208583,0.8260316886007786,0.4201085725799203,0.4201085725799203
sst2,1,4,2,1,attention_entropy,1.6194153791293502,2.766781771555543,1.1473663924261928,1.1473663924261928
sst2,1,4,3,2,effective_rank,19.632565714418888,4.872040048241615,-14.760525666177273,14.760525666177273
sst2,1,4,3,2,stable_rank,1.7442014180123806,1.1205736994743347,-0.6236277185380459,0.6236277185380459
sst2,1,4,3,2,mean_pairwise_cosine,0.5122592430561781,0.8896601218730211,0.37740087881684303,0.37740087881684303
sst2,1,4,3,2,attention_entropy,1.2889608200639486,2.7198524735867977,1.430891653522849,1.430891653522849
sst2,1,4,4,3,effective_rank,17.060231760144234,3.9659566693007946,-13.094275090843439,13.094275090843439
sst2,1,4,4,3,stable_rank,1.4501433949917555,1.0648415107280016,-0.3853018842637539,0.3853018842637539
sst2,1,4,4,3,mean_pairwise_cosine,0.5785202090628445,0.9321868689730763,0.35366665991023183,0.35366665991023183
sst2,1,4,4,3,attention_entropy,1.6850440111011267,2.846571374684572,1.1615273635834455,1.1615273635834455
sst2,1,4,5,4,effective_rank,18.338236525654793,3.8208426237106323,-14.51739390194416,14.51739390194416
sst2,1,4,5,4,stable_rank,2.070058349519968,1.0738334488123655,-0.9962249007076025,0.9962249007076025
sst2,1,4,5,4,mean_pairwise_cosine,0.474280446767807,0.9331890316680074,0.45890858490020037,0.45890858490020037
sst2,1,4,5,4,attention_entropy,1.9212252125144005,2.885904222726822,0.9646790102124214,0.9646790102124214
sst2,1,8,2,1,effective_rank,21.115412153303623,10.72683072090149,-10.388581432402134,10.388581432402134
sst2,1,8,2,1,stable_rank,2.2293835133314133,1.4614203199744225,-0.7679631933569908,0.7679631933569908
sst2,1,8,2,1,mean_pairwise_cosine,0.4059231160208583,0.6779215368442237,0.27199842082336545,0.27199842082336545
sst2,1,8,2,1,attention_entropy,1.6194153791293502,2.424741795286536,0.805326416157186,0.805326416157186
sst2,1,8,3,2,effective_rank,19.632565714418888,9.583081617951393,-10.049484096467495,10.049484096467495
sst2,1,8,3,2,stable_rank,1.7442014180123806,1.2821971010416746,-0.462004316970706,0.462004316970706
sst2,1,8,3,2,mean_pairwise_cosine,0.5122592430561781,0.7652977216057479,0.25303847854956985,0.25303847854956985
sst2,1,8,3,2,attention_entropy,1.2889608200639486,2.2745007080957294,0.9855398880317807,0.9855398880317807
sst2,1,8,4,3,effective_rank,17.060231760144234,7.915975674986839,-9.144256085157394,9.144256085157394
sst2,1,8,4,3,stable_rank,1.4501433949917555,1.1592544447630644,-0.2908889502286911,0.2908889502286911
sst2,1,8,4,3,mean_pairwise_cosine,0.5785202090628445,0.8359047621488571,0.2573845530860126,0.2573845530860126
sst2,1,8,4,3,attention_entropy,1.6850440111011267,2.520525373518467,0.8354813624173403,0.8354813624173403
sst2,1,8,5,4,effective_rank,18.338236525654793,7.86692413687706,-10.471312388777733,10.471312388777733
sst2,1,8,5,4,stable_rank,2.070058349519968,1.239590497687459,-0.830467851832509,0.830467851832509
sst2,1,8,5,4,mean_pairwise_cosine,0.474280446767807,0.8276048181578517,0.3533243713900447,0.3533243713900447
sst2,1,8,5,4,attention_entropy,1.9212252125144005,2.636012364178896,0.7147871516644955,0.7147871516644955
sst2,1,16,2,1,effective_rank,21.115412153303623,16.802635490894318,-4.312776662409306,4.312776662409306
sst2,1,16,2,1,stable_rank,2.2293835133314133,1.915596691891551,-0.31378682143986225,0.31378682143986225
sst2,1,16,2,1,mean_pairwise_cosine,0.4059231160208583,0.4903859216719866,0.08446280565112829,0.08446280565112829
sst2,1,16,2,1,attention_entropy,1.6194153791293502,1.855065168812871,0.2356497896835208,0.2356497896835208
sst2,1,16,3,2,effective_rank,19.632565714418888,15.761340700089931,-3.8712250143289566,3.8712250143289566
sst2,1,16,3,2,stable_rank,1.7442014180123806,1.560275699943304,-0.18392571806907654,0.18392571806907654
sst2,1,16,3,2,mean_pairwise_cosine,0.5122592430561781,0.5903529939241707,0.07809375086799264,0.07809375086799264
sst2,1,16,3,2,attention_entropy,1.2889608200639486,1.5825467957183719,0.29358597565442324,0.29358597565442324
sst2,1,16,4,3,effective_rank,17.060231760144234,13.798060715198517,-3.262171044945717,3.262171044945717
sst2,1,16,4,3,stable_rank,1.4501433949917555,1.3414527401328087,-0.1086906548589468,0.1086906548589468
sst2,1,16,4,3,mean_pairwise_cosine,0.5785202090628445,0.6716156667098403,0.09309545764699578,0.09309545764699578
sst2,1,16,4,3,attention_entropy,1.6850440111011267,1.9640755988657475,0.2790315877646208,0.2790315877646208
sst2,1,16,5,4,effective_rank,18.338236525654793,14.5316596403718,-3.8065768852829933,3.8065768852829933
sst2,1,16,5,4,stable_rank,2.070058349519968,1.6693792138248682,-0.40067913569509983,0.40067913569509983
sst2,1,16,5,4,mean_pairwise_cosine,0.474280446767807,0.6132463472895324,0.13896590052172542,0.13896590052172542
sst2,1,16,5,4,attention_entropy,1.9212252125144005,2.1685655005276203,0.24734028801321983,0.24734028801321983
sst2,1,32,2,1,effective_rank,21.115412153303623,20.690030604600906,-0.4253815487027168,0.4253815487027168
sst2,1,32,2,1,stable_rank,2.2293835133314133,2.2055233400315046,-0.023860173299908638,0.023860173299908638
sst2,1,32,2,1,mean_pairwise_cosine,0.4059231160208583,0.41037491895258427,0.004451802931725979,0.004451802931725979
sst2,1,32,2,1,attention_entropy,1.6194153791293502,1.6219303850084543,0.0025150058791041374,0.0025150058791041374
sst2,1,32,3,2,effective_rank,19.632565714418888,19.32526756078005,-0.3072981536388397,0.3072981536388397
sst2,1,32,3,2,stable_rank,1.7442014180123806,1.7306181993335485,-0.013583218678832054,0.013583218678832054
sst2,1,32,3,2,mean_pairwise_cosine,0.5122592430561781,0.5163715067319572,0.004112263675779104,0.004112263675779104
sst2,1,32,3,2,attention_entropy,1.2889608200639486,1.294411283917725,0.005450463853776455,0.005450463853776455
sst2,1,32,4,3,effective_rank,17.060231760144234,16.865787237882614,-0.19444452226161957,0.19444452226161957
sst2,1,32,4,3,stable_rank,1.4501433949917555,1.444842679426074,-0.0053007155656814575,0.0053007155656814575
sst2,1,32,4,3,mean_pairwise_cosine,0.5785202090628445,0.585562885273248,0.007042676210403442,0.007042676210403442
sst2,1,32,4,3,attention_entropy,1.6850440111011267,1.6951523777097464,0.01010836660861969,0.01010836660861969
sst2,1,32,5,4,effective_rank,18.338236525654793,18.153584189713,-0.18465233594179153,0.18465233594179153
sst2,1,32,5,4,stable_rank,2.070058349519968,2.038238225504756,-0.03182012401521206,0.03182012401521206
sst2,1,32,5,4,mean_pairwise_cosine,0.474280446767807,0.48219043435528874,0.007909987587481737,0.007909987587481737
sst2,1,32,5,4,attention_entropy,1.9212252125144005,1.9371923748403788,0.01596716232597828,0.01596716232597828
sst2,2,1,3,1,effective_rank,19.632565714418888,1.2658259347081184,-18.36673977971077,18.36673977971077
sst2,2,1,3,1,stable_rank,1.7442014180123806,1.0035862047225237,-0.7406152132898569,0.7406152132898569
sst2,2,1,3,1,mean_pairwise_cosine,0.5122592430561781,0.9960768083110452,0.4838175652548671,0.4838175652548671
sst2,2,1,3,1,attention_entropy,1.2889608200639486,3.1061387844383717,1.817177964374423,1.817177964374423
sst2,2,1,4,2,effective_rank,17.060231760144234,1.1916819531470537,-15.86854980699718,15.86854980699718
sst2,2,1,4,2,stable_rank,1.4501433949917555,1.001498932018876,-0.4486444629728794,0.4486444629728794
sst2,2,1,4,2,mean_pairwise_cosine,0.5785202090628445,0.998323617503047,0.4198034084402025,0.4198034084402025
sst2,2,1,4,2,attention_entropy,1.6850440111011267,3.11685798317194,1.4318139720708132,1.4318139720708132
sst2,2,1,5,3,effective_rank,18.338236525654793,1.1723442077636719,-17.16589231789112,17.16589231789112
sst2,2,1,5,3,stable_rank,2.070058349519968,1.0011341534554958,-1.0689241960644722,1.0689241960644722
sst2,2,1,5,3,mean_pairwise_cosine,0.474280446767807,0.9988987417891622,0.5246182950213552,0.5246182950213552
sst2,2,1,5,3,attention_entropy,1.9212252125144005,3.1167886927723885,1.195563480257988,1.195563480257988
sst2,2,2,3,1,effective_rank,19.632565714418888,2.409749435260892,-17.222816279157996,17.222816279157996
sst2,2,2,3,1,stable_rank,1.7442014180123806,1.065249191597104,-0.6789522264152765,0.6789522264152765
sst2,2,2,3,1,mean_pairwise_cosine,0.5122592430561781,0.9332089507952332,0.42094970773905516,0.42094970773905516
sst2,2,2,3,1,attention_entropy,1.2889608200639486,2.9043151568621397,1.615354336798191,1.615354336798191
sst2,2,2,4,2,effective_rank,17.060231760144234,2.130112139508128,-14.930119620636106,14.930119620636106
sst2,2,2,4,2,stable_rank,1.4501433949917555,1.038407027721405,-0.41173636727035046,0.41173636727035046
sst2,2,2,4,2,mean_pairwise_cosine,0.5785202090628445,0.9569745026528835,0.378454293590039,0.378454293590039
sst2,2,2,4,2,attention_entropy,1.6850440111011267,2.982690582051873,1.2976465709507465,1.2976465709507465
sst2,2,2,5,3,effective_rank,18.338236525654793,2.1465284265577793,-16.191708099097013,16.191708099097013
sst2,2,2,5,3,stable_rank,2.070058349519968,1.0511701870709658,-1.0188881624490023,1.0188881624490023
sst2,2,2,5,3,mean_pairwise_cosine,0.474280446767807,0.95547563303262,0.48119518626481295,0.48119518626481295
sst2,2,2,5,3,attention_entropy,1.9212252125144005,3.0076827835291624,1.086457571014762,1.086457571014762
sst2,2,4,3,1,effective_rank,19.632565714418888,5.192255638539791,-14.440310075879097,14.440310075879097
sst2,2,4,3,1,stable_rank,1.7442014180123806,1.1469517275691032,-0.5972496904432774,0.5972496904432774
sst2,2,4,3,1,mean_pairwise_cosine,0.5122592430561781,0.863544749096036,0.35128550603985786,0.35128550603985786
sst2,2,4,3,1,attention_entropy,1.2889608200639486,2.67962683737278,1.3906660173088312,1.3906660173088312
sst2,2,4,4,2,effective_rank,17.060231760144234,4.322593964636326,-12.737637795507908,12.737637795507908
sst2,2,4,4,2,stable_rank,1.4501433949917555,1.0805668029934168,-0.3695765919983387,0.3695765919983387
sst2,2,4,4,2,mean_pairwise_cosine,0.5785202090628445,0.9173687361180782,0.3388485270552337,0.3388485270552337
sst2,2,4,4,2,attention_entropy,1.6850440111011267,2.8305719662457705,1.1455279551446438,1.1455279551446438
sst2,2,4,5,3,effective_rank,18.338236525654793,4.235040370374918,-14.103196155279875,14.103196155279875
sst2,2,4,5,3,stable_rank,2.070058349519968,1.09301233664155,-0.977046012878418,0.977046012878418
sst2,2,4,5,3,mean_pairwise_cosine,0.474280446767807,0.9183779358863831,0.44409748911857605,0.44409748911857605
sst2,2,4,5,3,attention_entropy,1.9212252125144005,2.9103652890771627,0.9891400765627623,0.9891400765627623
sst2,2,8,3,1,effective_rank,19.632565714418888,9.7440155595541,-9.888550154864788,9.888550154864788
sst2,2,8,3,1,stable_rank,1.7442014180123806,1.2962474711239338,-0.4479539468884468,0.4479539468884468
sst2,2,8,3,1,mean_pairwise_cosine,0.5122592430561781,0.7513903710059822,0.23913112794980407,0.23913112794980407
sst2,2,8,3,1,attention_entropy,1.2889608200639486,2.289986955933273,1.0010261358693242,1.0010261358693242
sst2,2,8,4,2,effective_rank,17.060231760144234,8.207057178020477,-8.853174582123756,8.853174582123756
sst2,2,8,4,2,stable_rank,1.4501433949917555,1.171494584530592,-0.2786488104611635,0.2786488104611635
sst2,2,8,4,2,mean_pairwise_cosine,0.5785202090628445,0.8282736241817474,0.24975341511890292,0.24975341511890292
sst2,2,8,4,2,attention_entropy,1.6850440111011267,2.5490246526896954,0.8639806415885687,0.8639806415885687
sst2,2,8,5,3,effective_rank,18.338236525654793,8.173551514744759,-10.164685010910034,10.164685010910034
sst2,2,8,5,3,stable_rank,2.070058349519968,1.2517936863005161,-0.8182646632194519,0.8182646632194519
sst2,2,8,5,3,mean_pairwise_cosine,0.474280446767807,0.817105176858604,0.34282473009079695,0.34282473009079695
sst2,2,8,5,3,attention_entropy,1.9212252125144005,2.6519374810159206,0.7307122685015202,0.7307122685015202
sst2,2,16,3,1,effective_rank,19.632565714418888,15.27487002313137,-4.3576956912875175,4.3576956912875175
sst2,2,16,3,1,stable_rank,1.7442014180123806,1.5471260100603104,-0.19707540795207024,0.19707540795207024
sst2,2,16,3,1,mean_pairwise_cosine,0.5122592430561781,0.597270127851516,0.08501088479533792,0.08501088479533792
sst2,2,16,3,1,attention_entropy,1.2889608200639486,1.6519936500117183,0.36303282994776964,0.36303282994776964
sst2,2,16,4,2,effective_rank,17.060231760144234,13.42702130973339,-3.633210450410843,3.633210450410843
sst2,2,16,4,2,stable_rank,1.4501433949917555,1.3359959200024605,-0.114147474989295,0.114147474989295
sst2,2,16,4,2,mean_pairwise_cosine,0.5785202090628445,0.6752624800428748,0.0967422709800303,0.0967422709800303
sst2,2,16,4,2,attention_entropy,1.6850440111011267,1.9772232826799154,0.29217927157878876,0.29217927157878876
sst2,2,16,5,3,effective_rank,18.338236525654793,14.24971791356802,-4.088518612086773,4.088518612086773
sst2,2,16,5,3,stable_rank,2.070058349519968,1.6897616852074862,-0.3802966643124819,0.3802966643124819
sst2,2,16,5,3,mean_pairwise_cosine,0.474280446767807,0.6067548966966569,0.13247444992884994,0.13247444992884994
sst2,2,16,5,3,attention_entropy,1.9212252125144005,2.1791838742792606,0.25795866176486015,0.25795866176486015
sst2,2,32,3,1,effective_rank,19.632565714418888,19.211582005023956,-0.4209837093949318,0.4209837093949318
sst2,2,32,3,1,stable_rank,1.7442014180123806,1.728342805057764,-0.015858612954616547,0.015858612954616547
sst2,2,32,3,1,mean_pairwise_cosine,0.5122592430561781,0.5172346667386591,0.0049754236824810505,0.0049754236824810505
sst2,2,32,3,1,attention_entropy,1.2889608200639486,1.2992941541597247,0.010333334095776081,0.010333334095776081
sst2,2,32,4,2,effective_rank,17.060231760144234,16.763313338160515,-0.29691842198371887,0.29691842198371887
sst2,2,32,4,2,stable_rank,1.4501433949917555,1.4425288904458284,-0.007614504545927048,0.007614504545927048
sst2,2,32,4,2,mean_pairwise_cosine,0.5785202090628445,0.5846308786422014,0.006110669579356909,0.006110669579356909
sst2,2,32,4,2,attention_entropy,1.6850440111011267,1.6939378753304482,0.00889386422932148,0.00889386422932148
sst2,2,32,5,3,effective_rank,18.338236525654793,18.06317412108183,-0.2750624045729637,0.2750624045729637
sst2,2,32,5,3,stable_rank,2.070058349519968,2.0477542001754045,-0.022304149344563484,0.022304149344563484
sst2,2,32,5,3,mean_pairwise_cosine,0.474280446767807,0.4802251700311899,0.005944723263382912,0.005944723263382912
sst2,2,32,5,3,attention_entropy,1.9212252125144005,1.9377551451325417,0.016529932618141174,0.016529932618141174
sst2,3,1,4,1,effective_rank,17.060231760144234,1.2949531618505716,-15.765278598293662,15.765278598293662
sst2,3,1,4,1,stable_rank,1.4501433949917555,1.0036583319306374,-0.4464850630611181,0.4464850630611181
sst2,3,1,4,1,mean_pairwise_cosine,0.5785202090628445,0.9852822562679648,0.4067620472051203,0.4067620472051203
sst2,3,1,4,1,attention_entropy,1.6850440111011267,3.084964169189334,1.3999201580882072,1.3999201580882072
sst2,3,1,5,2,effective_rank,18.338236525654793,1.4909785781055689,-16.847257947549224,16.847257947549224
sst2,3,1,5,2,stable_rank,2.070058349519968,1.0345883425325155,-1.0354700069874525,1.0354700069874525
sst2,3,1,5,2,mean_pairwise_cosine,0.474280446767807,0.9825910981744528,0.5083106514066458,0.5083106514066458
sst2,3,1,5,2,attention_entropy,1.9212252125144005,2.574510090984404,0.6532848784700036,0.6532848784700036
sst2,3,2,4,1,effective_rank,17.060231760144234,2.2879410572350025,-14.772290702909231,14.772290702909231
sst2,3,2,4,1,stable_rank,1.4501433949917555,1.0590945836156607,-0.3910488113760948,0.3910488113760948
sst2,3,2,4,1,mean_pairwise_cosine,0.5785202090628445,0.9274294339120388,0.3489092248491943,0.3489092248491943
sst2,3,2,4,1,attention_entropy,1.6850440111011267,2.931851226836443,1.2468072157353163,1.2468072157353163
sst2,3,2,5,2,effective_rank,18.338236525654793,2.590853413566947,-15.747383112087846,15.747383112087846
sst2,3,2,5,2,stable_rank,2.070058349519968,1.1131144892424345,-0.9569438602775335,0.9569438602775335
sst2,3,2,5,2,mean_pairwise_cosine,0.474280446767807,0.915873946622014,0.44159349985420704,0.44159349985420704
sst2,3,2,5,2,attention_entropy,1.9212252125144005,2.487299768254161,0.5660745557397604,0.5660745557397604
sst2,3,4,4,1,effective_rank,17.060231760144234,4.539206497371197,-12.521025262773037,12.521025262773037
sst2,3,4,4,1,stable_rank,1.4501433949917555,1.124632203951478,-0.3255111910402775,0.3255111910402775
sst2,3,4,4,1,mean_pairwise_cosine,0.5785202090628445,0.8689680760726333,0.29044786700978875,0.29044786700978875
sst2,3,4,4,1,attention_entropy,1.6850440111011267,2.772072358056903,1.0870283469557762,1.0870283469557762
sst2,3,4,5,2,effective_rank,18.338236525654793,4.914434965699911,-13.423801559954882,13.423801559954882
sst2,3,4,5,2,stable_rank,2.070058349519968,1.185555562376976,-0.884502787142992,0.884502787142992
sst2,3,4,5,2,mean_pairwise_cosine,0.474280446767807,0.8560509607195854,0.3817705139517784,0.3817705139517784
sst2,3,4,5,2,attention_entropy,1.9212252125144005,2.376647966913879,0.45542275439947844,0.45542275439947844
sst2,3,8,4,1,effective_rank,17.060231760144234,8.294791139662266,-8.765440620481968,8.765440620481968
sst2,3,8,4,1,stable_rank,1.4501433949917555,1.2138726823031902,-0.23627071268856525,0.23627071268856525
sst2,3,8,4,1,mean_pairwise_cosine,0.5785202090628445,0.7862493526190519,0.20772914355620742,0.20772914355620742
sst2,3,8,4,1,attention_entropy,1.6850440111011267,2.599481662735343,0.9144376516342163,0.9144376516342163
sst2,3,8,5,2,effective_rank,18.338236525654793,9.333164162933826,-9.005072362720966,9.005072362720966
sst2,3,8,5,2,stable_rank,2.070058349519968,1.388131307438016,-0.6819270420819521,0.6819270420819521
sst2,3,8,5,2,mean_pairwise_cosine,0.474280446767807,0.7341595916077495,0.25987914483994246,0.25987914483994246
sst2,3,8,5,2,attention_entropy,1.9212252125144005,2.026677832007408,0.10545261949300766,0.10545261949300766
sst2,3,16,4,1,effective_rank,17.060231760144234,12.895717017352581,-4.164514742791653,4.164514742791653
sst2,3,16,4,1,stable_rank,1.4501433949917555,1.335894800722599,-0.11424859426915646,0.11424859426915646
sst2,3,16,4,1,mean_pairwise_cosine,0.5785202090628445,0.6798507841303945,0.10133057506754994,0.10133057506754994
sst2,3,16,4,1,attention_entropy,1.6850440111011267,2.3064821790903807,0.621438167989254,0.621438167989254
sst2,3,16,5,2,effective_rank,18.338236525654793,14.41431987285614,-3.9239166527986526,3.9239166527986526
sst2,3,16,5,2,stable_rank,2.070058349519968,1.7112807407975197,-0.35877760872244835,0.35877760872244835
sst2,3,16,5,2,mean_pairwise_cosine,0.474280446767807,0.5878244838677347,0.11354403709992766,0.11354403709992766
sst2,3,16,5,2,attention_entropy,1.9212252125144005,1.8612412419170141,-0.05998397059738636,0.05998397059738636
sst2,3,32,4,1,effective_rank,17.060231760144234,16.516751997172832,-0.5434797629714012,0.5434797629714012
sst2,3,32,4,1,stable_rank,1.4501433949917555,1.4350265990942717,-0.015116795897483826,0.015116795897483826
sst2,3,32,4,1,mean_pairwise_cosine,0.5785202090628445,0.5916719543747604,0.013151745311915874,0.013151745311915874
sst2,3,32,4,1,attention_entropy,1.6850440111011267,1.8107443507760763,0.12570033967494965,0.12570033967494965
sst2,3,32,5,2,effective_rank,18.338236525654793,17.882373094558716,-0.45586343109607697,0.45586343109607697
sst2,3,32,5,2,stable_rank,2.070058349519968,2.0239536315202713,-0.04610471799969673,0.04610471799969673
sst2,3,32,5,2,mean_pairwise_cosine,0.474280446767807,0.4864586777985096,0.012178231030702591,0.012178231030702591
sst2,3,32,5,2,attention_entropy,1.9212252125144005,1.8982071932405233,-0.023018019273877144,0.023018019273877144
sst2,4,1,5,1,effective_rank,18.338236525654793,1.7598114851862192,-16.578425040468574,16.578425040468574
sst2,4,1,5,1,stable_rank,2.070058349519968,1.062385058030486,-1.007673291489482,1.007673291489482
sst2,4,1,5,1,mean_pairwise_cosine,0.474280446767807,0.9637649785727262,0.48948453180491924,0.48948453180491924
sst2,4,1,5,1,attention_entropy,1.9212252125144005,2.735671503469348,0.8144462909549475,0.8144462909549475
sst2,4,2,5,1,effective_rank,18.338236525654793,2.8872601240873337,-15.450976401567459,15.450976401567459
sst2,4,2,5,1,stable_rank,2.070058349519968,1.153518496081233,-0.916539853438735,0.916539853438735
sst2,4,2,5,1,mean_pairwise_cosine,0.474280446767807,0.8809567540884018,0.4066763073205948,0.4066763073205948
sst2,4,2,5,1,attention_entropy,1.9212252125144005,2.6929703820496798,0.7717451695352793,0.7717451695352793
sst2,4,4,5,1,effective_rank,18.338236525654793,5.21435422450304,-13.123882301151752,13.123882301151752
sst2,4,4,5,1,stable_rank,2.070058349519968,1.2651060074567795,-0.8049523420631886,0.8049523420631886
sst2,4,4,5,1,mean_pairwise_cosine,0.474280446767807,0.792957941070199,0.318677494302392,0.318677494302392
sst2,4,4,5,1,attention_entropy,1.9212252125144005,2.6483948789536953,0.7271696664392948,0.7271696664392948
sst2,4,8,5,1,effective_rank,18.338236525654793,8.966023080050945,-9.372213445603848,9.372213445603848
sst2,4,8,5,1,stable_rank,2.070058349519968,1.4047352354973555,-0.6653231140226126,0.6653231140226126
sst2,4,8,5,1,mean_pairwise_cosine,0.474280446767807,0.7015721877105534,0.2272917409427464,0.2272917409427464
sst2,4,8,5,1,attention_entropy,1.9212252125144005,2.5937183182686567,0.6724931057542562,0.6724931057542562
sst2,4,16,5,1,effective_rank,18.338236525654793,13.650755293667316,-4.687481231987476,4.687481231987476
sst2,4,16,5,1,stable_rank,2.070058349519968,1.6653156969696283,-0.4047426525503397,0.4047426525503397
sst2,4,16,5,1,mean_pairwise_cosine,0.474280446767807,0.5926774297840893,0.11839698301628232,0.11839698301628232
sst2,4,16,5,1,attention_entropy,1.9212252125144005,2.3961813878268003,0.47495617531239986,0.47495617531239986
sst2,4,32,5,1,effective_rank,18.338236525654793,17.637442104518414,-0.7007944211363792,0.7007944211363792
sst2,4,32,5,1,stable_rank,2.070058349519968,1.9906652234494686,-0.07939312607049942,0.07939312607049942
sst2,4,32,5,1,mean_pairwise_cosine,0.474280446767807,0.49515686044469476,0.02087641367688775,0.02087641367688775
sst2,4,32,5,1,attention_entropy,1.9212252125144005,2.032000368461013,0.11077515594661236,0.11077515594661236
mnli,0,1,1,1,effective_rank,32.04103709757328,1.2011621333658695,-30.83987496420741,30.83987496420741
mnli,0,1,1,1,stable_rank,3.2847495563328266,1.00203269533813,-2.2827168609946966,2.2827168609946966
mnli,0,1,1,1,mean_pairwise_cosine,0.2814324493519962,0.9979187259450555,0.7164862765930593,0.7164862765930593
mnli,0,1,1,1,attention_entropy,1.8436827957630157,3.505868811160326,1.6621860153973103,1.6621860153973103
mnli,0,1,2,2,effective_rank,30.56229168176651,1.1362780779600143,-29.426013603806496,29.426013603806496
mnli,0,1,2,2,stable_rank,2.3010527305305004,1.0007607396692038,-1.3002919908612967,1.3002919908612967
mnli,0,1,2,2,mean_pairwise_cosine,0.4070437513291836,0.9992121895775199,0.5921684382483363,0.5921684382483363
mnli,0,1,2,2,attention_entropy,1.8422442730516195,3.547333911061287,1.7050896380096674,1.7050896380096674
mnli,0,1,3,3,effective_rank,28.657424822449684,1.0974851734936237,-27.55993964895606,27.55993964895606
mnli,0,1,3,3,stable_rank,1.8207066170871258,1.0003264006227255,-0.8203802164644003,0.8203802164644003
mnli,0,1,3,3,mean_pairwise_cosine,0.5084060691297054,0.9996593035757542,0.49125323444604874,0.49125323444604874
mnli,0,1,3,3,attention_entropy,1.3854670207947493,3.547512210905552,2.1620451901108027,2.1620451901108027
mnli,0,1,4,4,effective_rank,24.86084695160389,1.0683370996266603,-23.79250985197723,23.79250985197723
mnli,0,1,4,4,stable_rank,1.5013745203614235,1.000152412801981,-0.5012221075594425,0.5012221075594425
mnli,0,1,4,4,mean_pairwise_cosine,0.5772066349163651,0.9998371889814734,0.4226305540651083,0.4226305540651083
mnli,0,1,4,4,attention_entropy,1.8903314229100943,3.5471635833382607,1.6568321604281664,1.6568321604281664
mnli,0,1,5,5,effective_rank,26.054091453552246,1.0575172528624535,-24.996574200689793,24.996574200689793
mnli,0,1,5,5,stable_rank,2.025052260607481,1.0001610685139894,-1.0248911920934916,1.0248911920934916
mnli,0,1,5,5,mean_pairwise_cosine,0.4907105159945786,0.9998364532366395,0.5091259372420609,0.5091259372420609
mnli,0,1,5,5,attention_entropy,2.2227202150970697,3.5438420064747334,1.3211217913776636,1.3211217913776636
mnli,0,2,1,1,effective_rank,32.04103709757328,2.441786762326956,-29.599250335246325,29.599250335246325
mnli,0,2,1,1,stable_rank,3.2847495563328266,1.109934313222766,-2.1748152431100607,2.1748152431100607
mnli,0,2,1,1,mean_pairwise_cosine,0.2814324493519962,0.9096003072336316,0.6281678578816354,0.6281678578816354
mnli,0,2,1,1,attention_entropy,1.8436827957630157,3.419048599898815,1.5753658041357994,1.5753658041357994
mnli,0,2,2,2,effective_rank,30.56229168176651,2.162855911999941,-28.39943576976657,28.39943576976657
mnli,0,2,2,2,stable_rank,2.3010527305305004,1.0527246538549662,-1.2483280766755342,1.2483280766755342
mnli,0,2,2,2,mean_pairwise_cosine,0.4070437513291836,0.9502309327945113,0.5431871814653277,0.5431871814653277
mnli,0,2,2,2,attention_entropy,1.8422442730516195,3.4818119779229164,1.6395677048712969,1.6395677048712969
mnli,0,2,3,3,effective_rank,28.657424822449684,1.9464469533413649,-26.71097786910832,26.71097786910832
mnli,0,2,3,3,stable_rank,1.8207066170871258,1.030447531491518,-0.7902590855956078,0.7902590855956078
mnli,0,2,3,3,mean_pairwise_cosine,0.5084060691297054,0.9684826303273439,0.4600765611976385,0.4600765611976385
mnli,0,2,3,3,attention_entropy,1.3854670207947493,3.4648040495812893,2.07933702878654,2.07933702878654
mnli,0,2,4,4,effective_rank,24.86084695160389,1.705795619636774,-23.155051331967115,23.155051331967115
mnli,0,2,4,4,stable_rank,1.5013745203614235,1.0160527490079403,-0.4853217713534832,0.4853217713534832
mnli,0,2,4,4,mean_pairwise_cosine,0.5772066349163651,0.9834597930312157,0.4062531581148505,0.4062531581148505
mnli,0,2,4,4,attention_entropy,1.8903314229100943,3.4806882478296757,1.5903568249195814,1.5903568249195814
mnli,0,2,5,5,effective_rank,26.054091453552246,1.6094831749796867,-24.44460827857256,24.44460827857256
mnli,0,2,5,5,stable_rank,2.025052260607481,1.013007938861847,-1.012044321745634,1.012044321745634
mnli,0,2,5,5,mean_pairwise_cosine,0.4907105159945786,0.987231083214283,0.4965205672197044,0.4965205672197044
mnli,0,2,5,5,attention_entropy,2.2227202150970697,3.4744750633835793,1.2517548482865095,1.2517548482865095
mnli,0,4,1,1,effective_rank,32.04103709757328,5.949225477874279,-26.091811619699,26.091811619699
mnli,0,4,1,1,stable_rank,3.2847495563328266,1.3032531570643187,-1.981496399268508,1.981496399268508
mnli,0,4,1,1,mean_pairwise_cosine,0.2814324493519962,0.7838667891919613,0.5024343398399651,0.5024343398399651
mnli,0,4,1,1,attention_entropy,1.8436827957630157,3.22255489975214,1.3788721039891243,1.3788721039891243
mnli,0,4,2,2,effective_rank,30.56229168176651,5.209628075361252,-25.352663606405258,25.352663606405258
mnli,0,4,2,2,stable_rank,2.3010527305305004,1.1479712966829538,-1.1530814338475466,1.1530814338475466
mnli,0,4,2,2,mean_pairwise_cosine,0.4070437513291836,0.8712676614522934,0.4642239101231098,0.4642239101231098
mnli,0,4,2,2,attention_entropy,1.8422442730516195,3.3431161381304264,1.5008718650788069,1.5008718650788069
mnli,0,4,3,3,effective_rank,28.657424822449684,4.530231777578592,-24.127193044871092,24.127193044871092
mnli,0,4,3,3,stable_rank,1.8207066170871258,1.0877539906650782,-0.7329526264220476,0.7329526264220476
mnli,0,4,3,3,mean_pairwise_cosine,0.5084060691297054,0.9144853698089719,0.40607930067926645,0.40607930067926645
mnli,0,4,3,3,attention_entropy,1.3854670207947493,3.2383586540818214,1.8528916332870722,1.8528916332870722
mnli,0,4,4,4,effective_rank,24.86084695160389,3.5388040356338024,-21.322042915970087,21.322042915970087
mnli,0,4,4,4,stable_rank,1.5013745203614235,1.0445087626576424,-0.45686575770378113,0.45686575770378113
mnli,0,4,4,4,mean_pairwise_cosine,0.5772066349163651,0.9555274732410908,0.37832083832472563,0.37832083832472563
mnli,0,4,4,4,attention_entropy,1.8903314229100943,3.342231936752796,1.451900513842702,1.451900513842702
mnli,0,4,5,5,effective_rank,26.054091453552246,3.1464958153665066,-22.90759563818574,22.90759563818574
mnli,0,4,5,5,stable_rank,2.025052260607481,1.0374825354665518,-0.9875697251409292,0.9875697251409292
mnli,0,4,5,5,mean_pairwise_cosine,0.4907105159945786,0.9640737995505333,0.4733632835559547,0.4733632835559547
mnli,0,4,5,5,attention_entropy,2.2227202150970697,3.389516718685627,1.1667965035885572,1.1667965035885572
mnli,0,8,1,1,effective_rank,32.04103709757328,12.393229469656944,-19.647807627916336,19.647807627916336
mnli,0,8,1,1,stable_rank,3.2847495563328266,1.6368172317743301,-1.6479323245584965,1.6479323245584965
mnli,0,8,1,1,mean_pairwise_cosine,0.2814324493519962,0.6262645390816033,0.3448320897296071,0.3448320897296071
mnli,0,8,1,1,attention_entropy,1.8436827957630157,2.927334552630782,1.0836517568677664,1.0836517568677664
mnli,0,8,2,2,effective_rank,30.56229168176651,11.287813387811184,-19.274478293955326,19.274478293955326
mnli,0,8,2,2,stable_rank,2.3010527305305004,1.3332595732063055,-0.9677931573241949,0.9677931573241949
mnli,0,8,2,2,mean_pairwise_cosine,0.4070437513291836,0.7489366796799004,0.34189292835071683,0.34189292835071683
mnli,0,8,2,2,attention_entropy,1.8422442730516195,3.0836460180580616,1.241401745006442,1.241401745006442
mnli,0,8,3,3,effective_rank,28.657424822449684,10.061872884631157,-18.595551937818527,18.595551937818527
mnli,0,8,3,3,stable_rank,1.8207066170871258,1.2059655971825123,-0.6147410199046135,0.6147410199046135
mnli,0,8,3,3,mean_pairwise_cosine,0.5084060691297054,0.8161894725635648,0.30778340343385935,0.30778340343385935
mnli,0,8,3,3,attention_entropy,1.3854670207947493,2.807977732270956,1.4225107114762068,1.4225107114762068
mnli,0,8,4,4,effective_rank,24.86084695160389,7.683802120387554,-17.177044831216335,17.177044831216335
mnli,0,8,4,4,stable_rank,1.5013745203614235,1.1060796417295933,-0.3952948786318302,0.3952948786318302
mnli,0,8,4,4,mean_pairwise_cosine,0.5772066349163651,0.8876308989711106,0.31042426405474544,0.31042426405474544
mnli,0,8,4,4,attention_entropy,1.8903314229100943,3.07568446919322,1.1853530462831259,1.1853530462831259
mnli,0,8,5,5,effective_rank,26.054091453552246,6.732098437845707,-19.32199301570654,19.32199301570654
mnli,0,8,5,5,stable_rank,2.025052260607481,1.1164141669869423,-0.9086380936205387,0.9086380936205387
mnli,0,8,5,5,mean_pairwise_cosine,0.4907105159945786,0.9013063139282167,0.4105957979336381,0.4105957979336381
mnli,0,8,5,5,attention_entropy,2.2227202150970697,3.2541776429861784,1.0314574278891087,1.0314574278891087
mnli,0,16,1,1,effective_rank,32.04103709757328,20.957195833325386,-11.083841264247894,11.083841264247894
mnli,0,16,1,1,stable_rank,3.2847495563328266,2.2370594292879105,-1.0476901270449162,1.0476901270449162
mnli,0,16,1,1,mean_pairwise_cosine,0.2814324493519962,0.4467144920490682,0.16528204269707203,0.16528204269707203
mnli,0,16,1,1,attention_entropy,1.8436827957630157,2.500707544386387,0.6570247486233711,0.6570247486233711
mnli,0,16,2,2,effective_rank,30.56229168176651,19.891288220882416,-10.671003460884094,10.671003460884094
mnli,0,16,2,2,stable_rank,2.3010527305305004,1.766644051298499,-0.5344086792320013,0.5344086792320013
mnli,0,16,2,2,mean_pairwise_cosine,0.4070437513291836,0.5615352103486657,0.15449145901948214,0.15449145901948214
mnli,0,16,2,2,attention_entropy,1.8422442730516195,2.5111877378076315,0.668943464756012,0.668943464756012
mnli,0,16,3,3,effective_rank,28.657424822449684,18.451517522335052,-10.205907300114632,10.205907300114632
mnli,0,16,3,3,stable_rank,1.8207066170871258,1.4862932842224836,-0.33441333286464214,0.33441333286464214
mnli,0,16,3,3,mean_pairwise_cosine,0.5084060691297054,0.6456088153645396,0.1372027462348342,0.1372027462348342
mnli,0,16,3,3,attention_entropy,1.3854670207947493,2.1788450870662928,0.7933780662715435,0.7933780662715435
mnli,0,16,4,4,effective_rank,24.86084695160389,15.012524008750916,-9.848322942852974,9.848322942852974
mnli,0,16,4,4,stable_rank,1.5013745203614235,1.2686040364205837,-0.23277048394083977,0.23277048394083977
mnli,0,16,4,4,mean_pairwise_cosine,0.5772066349163651,0.7345080496743321,0.157301414757967,0.157301414757967
mnli,0,16,4,4,attention_entropy,1.8903314229100943,2.6310392823070288,0.7407078593969345,0.7407078593969345
mnli,0,16,5,5,effective_rank,26.054091453552246,13.98449893295765,-12.069592520594597,12.069592520594597
mnli,0,16,5,5,stable_rank,2.025052260607481,1.4264755193144083,-0.5985767412930727,0.5985767412930727
mnli,0,16,5,5,mean_pairwise_cosine,0.4907105159945786,0.7379865553230047,0.24727603932842612,0.24727603932842612
mnli,0,16,5,5,attention_entropy,2.2227202150970697,2.9319916870445013,0.7092714719474316,0.7092714719474316
mnli,0,32,1,1,effective_rank,32.04103709757328,29.000314190983772,-3.040722906589508,3.040722906589508
mnli,0,32,1,1,stable_rank,3.2847495563328266,2.962545018643141,-0.3222045376896858,0.3222045376896858
mnli,0,32,1,1,mean_pairwise_cosine,0.2814324493519962,0.3171551669947803,0.03572271764278412,0.03572271764278412
mnli,0,32,1,1,attention_entropy,1.8436827957630157,2.05151903629303,0.20783624053001404,0.20783624053001404
mnli,0,32,2,2,effective_rank,30.56229168176651,28.106686234474182,-2.455605447292328,2.455605447292328
mnli,0,32,2,2,stable_rank,2.3010527305305004,2.2333267834037542,-0.06772594712674618,0.06772594712674618
mnli,0,32,2,2,mean_pairwise_cosine,0.4070437513291836,0.4225199967622757,0.015476245433092117,0.015476245433092117
mnli,0,32,2,2,attention_entropy,1.8422442730516195,1.9367074873298407,0.09446321427822113,0.09446321427822113
mnli,0,32,3,3,effective_rank,28.657424822449684,26.549799501895905,-2.1076253205537796,2.1076253205537796
mnli,0,32,3,3,stable_rank,1.8207066170871258,1.7785799410194159,-0.04212667606770992,0.04212667606770992
mnli,0,32,3,3,mean_pairwise_cosine,0.5084060691297054,0.5177657310850918,0.0093596619553864,0.0093596619553864
mnli,0,32,3,3,attention_entropy,1.3854670207947493,1.6055572219192982,0.2200902011245489,0.2200902011245489
mnli,0,32,4,4,effective_rank,24.86084695160389,23.092844530940056,-1.7680024206638336,1.7680024206638336
mnli,0,32,4,4,stable_rank,1.5013745203614235,1.4611925445497036,-0.040181975811719894,0.040181975811719894
mnli,0,32,4,4,mean_pairwise_cosine,0.5772066349163651,0.5977659318596125,0.02055929694324732,0.02055929694324732
mnli,0,32,4,4,attention_entropy,1.8903314229100943,2.1030303817242384,0.21269895881414413,0.21269895881414413
mnli,0,32,5,5,effective_rank,26.054091453552246,23.269862174987793,-2.784229278564453,2.784229278564453
mnli,0,32,5,5,stable_rank,2.025052260607481,1.8643271084874868,-0.16072515211999416,0.16072515211999416
mnli,0,32,5,5,mean_pairwise_cosine,0.4907105159945786,0.5459078452549875,0.05519732926040888,0.05519732926040888
mnli,0,32,5,5,attention_entropy,2.2227202150970697,2.422576244920492,0.19985602982342243,0.19985602982342243
mnli,1,1,2,1,effective_rank,30.56229168176651,1.2603631019592285,-29.30192857980728,29.30192857980728
mnli,1,1,2,1,stable_rank,2.3010527305305004,1.003139330074191,-1.2979134004563093,1.2979134004563093
mnli,1,1,2,1,mean_pairwise_cosine,0.4070437513291836,0.996875231154263,0.5898314798250794,0.5898314798250794
mnli,1,1,2,1,attention_entropy,1.8422442730516195,3.532061129808426,1.6898168567568064,1.6898168567568064
mnli,1,1,3,2,effective_rank,28.657424822449684,1.1763169653713703,-27.481107857078314,27.481107857078314
mnli,1,1,3,2,stable_rank,1.8207066170871258,1.0011341981589794,-0.8195724189281464,0.8195724189281464
mnli,1,1,3,2,mean_pairwise_cosine,0.5084060691297054,0.9987201485782862,0.49031407944858074,0.49031407944858074
mnli,1,1,3,2,attention_entropy,1.3854670207947493,3.543222177773714,2.157755156978965,2.157755156978965
mnli,1,1,4,3,effective_rank,24.86084695160389,1.12390461191535,-23.73694233968854,23.73694233968854
mnli,1,1,4,3,stable_rank,1.5013745203614235,1.0004823226481676,-0.5008921977132559,0.5008921977132559
mnli,1,1,4,3,mean_pairwise_cosine,0.5772066349163651,0.9993559084832668,0.4221492735669017,0.4221492735669017
mnli,1,1,4,3,attention_entropy,1.8903314229100943,3.544576294720173,1.6542448718100786,1.6542448718100786
mnli,1,1,5,4,effective_rank,26.054091453552246,1.1034351009875536,-24.950656352564692,24.950656352564692
mnli,1,1,5,4,stable_rank,2.025052260607481,1.0004447922110558,-1.0246074683964252,1.0246074683964252
mnli,1,1,5,4,mean_pairwise_cosine,0.4907105159945786,0.9995856694877148,0.5088751534931362,0.5088751534931362
mnli,1,1,5,4,attention_entropy,2.2227202150970697,3.5139393471181393,1.2912191320210695,1.2912191320210695
mnli,1,2,2,1,effective_rank,30.56229168176651,2.4154995046555996,-28.14679217711091,28.14679217711091
mnli,1,2,2,1,stable_rank,2.3010527305305004,1.069867517799139,-1.2311852127313614,1.2311852127313614
mnli,1,2,2,1,mean_pairwise_cosine,0.4070437513291836,0.9348139418289065,0.527770190499723,0.527770190499723
mnli,1,2,2,1,attention_entropy,1.8422442730516195,3.4299127720296383,1.5876684989780188,1.5876684989780188
mnli,1,2,3,2,effective_rank,28.657424822449684,2.1025044955313206,-26.554920326918364,26.554920326918364
mnli,1,2,3,2,stable_rank,1.8207066170871258,1.0353459175676107,-0.785360699519515,0.785360699519515
mnli,1,2,3,2,mean_pairwise_cosine,0.5084060691297054,0.9638001248240471,0.45539405569434166,0.45539405569434166
mnli,1,2,3,2,attention_entropy,1.3854670207947493,3.4471191093325615,2.0616520885378122,2.0616520885378122
mnli,1,2,4,3,effective_rank,24.86084695160389,1.8459386322647333,-23.014908319339156,23.014908319339156
mnli,1,2,4,3,stable_rank,1.5013745203614235,1.0203345194458961,-0.48104000091552734,0.48104000091552734
mnli,1,2,4,3,mean_pairwise_cosine,0.5772066349163651,0.9788904301822186,0.4016837952658534,0.4016837952658534
mnli,1,2,4,3,attention_entropy,1.8903314229100943,3.4543067403137684,1.5639753174036741,1.5639753174036741
mnli,1,2,5,4,effective_rank,26.054091453552246,1.7407407127320766,-24.31335074082017,24.31335074082017
mnli,1,2,5,4,stable_rank,2.025052260607481,1.0175355784595013,-1.0075166821479797,1.0075166821479797
mnli,1,2,5,4,mean_pairwise_cosine,0.4907105159945786,0.9827944645658135,0.49208394857123494,0.49208394857123494
mnli,1,2,5,4,attention_entropy,2.2227202150970697,3.4537850730121136,1.2310648579150438,1.2310648579150438
mnli,1,4,2,1,effective_rank,30.56229168176651,5.789158567786217,-24.773133113980293,24.773133113980293
mnli,1,4,2,1,stable_rank,2.3010527305305004,1.1850615590810776,-1.1159911714494228,1.1159911714494228
mnli,1,4,2,1,mean_pairwise_cosine,0.4070437513291836,0.8433352885767817,0.43629153724759817,0.43629153724759817
mnli,1,4,2,1,attention_entropy,1.8422442730516195,3.239884067326784,1.3976397942751646,1.3976397942751646
mnli,1,4,3,2,effective_rank,28.657424822449684,4.993999030441046,-23.66342579200864,23.66342579200864
mnli,1,4,3,2,stable_rank,1.8207066170871258,1.1008495893329382,-0.7198570277541876,0.7198570277541876
mnli,1,4,3,2,mean_pairwise_cosine,0.5084060691297054,0.9039364913478494,0.39553042221814394,0.39553042221814394
mnli,1,4,3,2,attention_entropy,1.3854670207947493,3.2168330140411854,1.8313659932464361,1.8313659932464361
mnli,1,4,4,3,effective_rank,24.86084695160389,4.049316808581352,-20.811530143022537,20.811530143022537
mnli,1,4,4,3,stable_rank,1.5013745203614235,1.0576155744493008,-0.4437589459121227,0.4437589459121227
mnli,1,4,4,3,mean_pairwise_cosine,0.5772066349163651,0.9420926133170724,0.36488597840070724,0.36488597840070724
mnli,1,4,4,3,attention_entropy,1.8903314229100943,3.2801125198602676,1.3897810969501734,1.3897810969501734
mnli,1,4,5,4,effective_rank,26.054091453552246,3.6943347677588463,-22.3597566857934,22.3597566857934
mnli,1,4,5,4,stable_rank,2.025052260607481,1.054969634860754,-0.970082625746727,0.970082625746727
mnli,1,4,5,4,mean_pairwise_cosine,0.4907105159945786,0.9484014678746462,0.4576909518800676,0.4576909518800676
mnli,1,4,5,4,attention_entropy,2.2227202150970697,3.330008715391159,1.1072885002940893,1.1072885002940893
mnli,1,8,2,1,effective_rank,30.56229168176651,12.25000511109829,-18.31228657066822,18.31228657066822
mnli,1,8,2,1,stable_rank,2.3010527305305004,1.389959704130888,-0.9110930263996124,0.9110930263996124
mnli,1,8,2,1,mean_pairwise_cosine,0.4070437513291836,0.7161754942499101,0.30913174292072654,0.30913174292072654
mnli,1,8,2,1,attention_entropy,1.8422442730516195,2.92669091001153,1.0844466369599104,1.0844466369599104
mnli,1,8,3,2,effective_rank,28.657424822449684,10.972734488546848,-17.684690333902836,17.684690333902836
mnli,1,8,3,2,stable_rank,1.8207066170871258,1.224964715540409,-0.5957419015467167,0.5957419015467167
mnli,1,8,3,2,mean_pairwise_cosine,0.5084060691297054,0.8075797073543072,0.29917363822460175,0.29917363822460175
mnli,1,8,3,2,attention_entropy,1.3854670207947493,2.790831319987774,1.4053642991930246,1.4053642991930246
mnli,1,8,4,3,effective_rank,24.86084695160389,8.856247566640377,-16.004599384963512,16.004599384963512
mnli,1,8,4,3,stable_rank,1.5013745203614235,1.1262700762599707,-0.3751044441014528,0.3751044441014528
mnli,1,8,4,3,mean_pairwise_cosine,0.5772066349163651,0.8750508623197675,0.29784422740340233,0.29784422740340233
mnli,1,8,4,3,attention_entropy,1.8903314229100943,2.9780197758227587,1.0876883529126644,1.0876883529126644
mnli,1,8,5,4,effective_rank,26.054091453552246,8.212402306497097,-17.84168914705515,17.84168914705515
mnli,1,8,5,4,stable_rank,2.025052260607481,1.1485981699079275,-0.8764540906995535,0.8764540906995535
mnli,1,8,5,4,mean_pairwise_cosine,0.4907105159945786,0.8788207983598113,0.3881102823652327,0.3881102823652327
mnli,1,8,5,4,attention_entropy,2.2227202150970697,3.0874184127897024,0.8646981976926327,0.8646981976926327
mnli,1,16,2,1,effective_rank,30.56229168176651,20.60053177177906,-9.96175990998745,9.96175990998745
mnli,1,16,2,1,stable_rank,2.3010527305305004,1.7915529198944569,-0.5094998106360435,0.5094998106360435
mnli,1,16,2,1,mean_pairwise_cosine,0.4070437513291836,0.5472439113073051,0.14020015997812152,0.14020015997812152
mnli,1,16,2,1,attention_entropy,1.8422442730516195,2.344887439161539,0.5026431661099195,0.5026431661099195
mnli,1,16,3,2,effective_rank,28.657424822449684,19.42945221066475,-9.227972611784935,9.227972611784935
mnli,1,16,3,2,stable_rank,1.8207066170871258,1.484420308843255,-0.33628630824387074,0.33628630824387074
mnli,1,16,3,2,mean_pairwise_cosine,0.5084060691297054,0.6505771242082119,0.14217105507850647,0.14217105507850647
mnli,1,16,3,2,attention_entropy,1.3854670207947493,2.02947480045259,0.6440077796578407,0.6440077796578407
mnli,1,16,4,3,effective_rank,24.86084695160389,16.691751554608345,-8.169095396995544,8.169095396995544
mnli,1,16,4,3,stable_rank,1.5013745203614235,1.295182904228568,-0.20619161613285542,0.20619161613285542
mnli,1,16,4,3,mean_pairwise_cosine,0.5772066349163651,0.7285582469776273,0.15135161206126213,0.15135161206126213
mnli,1,16,4,3,attention_entropy,1.8903314229100943,2.4455794859677553,0.5552480630576611,0.5552480630576611
mnli,1,16,5,4,effective_rank,26.054091453552246,16.36080002784729,-9.693291425704956,9.693291425704956
mnli,1,16,5,4,stable_rank,2.025052260607481,1.4767874982208014,-0.5482647623866796,0.5482647623866796
mnli,1,16,5,4,mean_pairwise_cosine,0.4907105159945786,0.7018657010048628,0.21115518501028419,0.21115518501028419
mnli,1,16,5,4,attention_entropy,2.2227202150970697,2.7282993644475937,0.505579149350524,0.505579149350524
mnli,1,32,2,1,effective_rank,30.56229168176651,28.12619186937809,-2.43609981238842,2.43609981238842
mnli,1,32,2,1,stable_rank,2.3010527305305004,2.241864413022995,-0.05918831750750542,0.05918831750750542
mnli,1,32,2,1,mean_pairwise_cosine,0.4070437513291836,0.41829703701660037,0.011253285687416792,0.011253285687416792
mnli,1,32,2,1,attention_entropy,1.8422442730516195,1.830780629068613,-0.011463643983006477,0.011463643983006477
mnli,1,32,3,2,effective_rank,28.657424822449684,26.948316752910614,-1.7091080695390701,1.7091080695390701
mnli,1,32,3,2,stable_rank,1.8207066170871258,1.775301855057478,-0.04540476202964783,0.04540476202964783
mnli,1,32,3,2,mean_pairwise_cosine,0.5084060691297054,0.5214520166628063,0.013045947533100843,0.013045947533100843
mnli,1,32,3,2,attention_entropy,1.3854670207947493,1.4390692319720984,0.05360221117734909,0.05360221117734909
mnli,1,32,4,3,effective_rank,24.86084695160389,23.594294399023056,-1.2665525525808334,1.2665525525808334
mnli,1,32,4,3,stable_rank,1.5013745203614235,1.4816453233361244,-0.019729197025299072,0.019729197025299072
mnli,1,32,4,3,mean_pairwise_cosine,0.5772066349163651,0.5911773471161723,0.013970712199807167,0.013970712199807167
mnli,1,32,4,3,attention_entropy,1.8903314229100943,1.9532860945910215,0.06295467168092728,0.06295467168092728
mnli,1,32,5,4,effective_rank,26.054091453552246,24.683059230446815,-1.3710322231054306,1.3710322231054306
mnli,1,32,5,4,stable_rank,2.025052260607481,1.949628448113799,-0.07542381249368191,0.07542381249368191
mnli,1,32,5,4,mean_pairwise_cosine,0.4907105159945786,0.5118662384338677,0.021155722439289093,0.021155722439289093
mnli,1,32,5,4,attention_entropy,2.2227202150970697,2.2777653504163027,0.05504513531923294,0.05504513531923294
mnli,2,1,3,1,effective_rank,28.657424822449684,1.2505550775676966,-27.406869744881988,27.406869744881988
mnli,2,1,3,1,stable_rank,1.8207066170871258,1.0027588680386543,-0.8179477490484715,0.8179477490484715
mnli,2,1,3,1,mean_pairwise_cosine,0.5084060691297054,0.9969816897064447,0.4885756205767393,0.4885756205767393
mnli,2,1,3,1,attention_entropy,1.3854670207947493,3.541014641523361,2.155547620728612,2.155547620728612
mnli,2,1,4,2,effective_rank,24.86084695160389,1.181020962074399,-23.67982598952949,23.67982598952949
mnli,2,1,4,2,stable_rank,1.5013745203614235,1.0011614188551903,-0.5002131015062332,0.5002131015062332
mnli,2,1,4,2,mean_pairwise_cosine,0.5772066349163651,0.9986315341666341,0.42142489925026894,0.42142489925026894
mnli,2,1,4,2,attention_entropy,1.8903314229100943,3.5442992225289345,1.6539677996188402,1.6539677996188402
mnli,2,1,5,3,effective_rank,26.054091453552246,1.1587173528969288,-24.895374100655317,24.895374100655317
mnli,2,1,5,3,stable_rank,2.025052260607481,1.0009509678930044,-1.0241012927144766,1.0241012927144766
mnli,2,1,5,3,mean_pairwise_cosine,0.4907105159945786,0.9991398165002465,0.5084293005056679,0.5084293005056679
mnli,2,1,5,3,attention_entropy,2.2227202150970697,3.5316211134195328,1.308900898322463,1.308900898322463
mnli,2,2,3,1,effective_rank,28.657424822449684,2.2955862171947956,-26.36183860525489,26.36183860525489
mnli,2,2,3,1,stable_rank,1.8207066170871258,1.052739629521966,-0.7679669875651598,0.7679669875651598
mnli,2,2,3,1,mean_pairwise_cosine,0.5084060691297054,0.9464530656114221,0.43804699648171663,0.43804699648171663
mnli,2,2,3,1,attention_entropy,1.3854670207947493,3.4056367203593254,2.020169699564576,2.020169699564576
mnli,2,2,4,2,effective_rank,24.86084695160389,2.066725531592965,-22.794121420010924,22.794121420010924
mnli,2,2,4,2,stable_rank,1.5013745203614235,1.033102748915553,-0.4682717714458704,0.4682717714458704
mnli,2,2,4,2,mean_pairwise_cosine,0.5772066349163651,0.9638481875881553,0.3866415526717901,0.3866415526717901
mnli,2,2,4,2,attention_entropy,1.8903314229100943,3.429387867450714,1.5390564445406199,1.5390564445406199
mnli,2,2,5,3,effective_rank,26.054091453552246,2.0322037916630507,-24.021887661889195,24.021887661889195
mnli,2,2,5,3,stable_rank,2.025052260607481,1.037205396220088,-0.987846864387393,0.987846864387393
mnli,2,2,5,3,mean_pairwise_cosine,0.4907105159945786,0.9665937563404441,0.4758832403458655,0.4758832403458655
mnli,2,2,5,3,attention_entropy,2.2227202150970697,3.434725660830736,1.2120054457336664,1.2120054457336664
mnli,2,4,3,1,effective_rank,28.657424822449684,5.31305268406868,-23.344372138381004,23.344372138381004
mnli,2,4,3,1,stable_rank,1.8207066170871258,1.1345031261444092,-0.6862034909427166,0.6862034909427166
mnli,2,4,3,1,mean_pairwise_cosine,0.5084060691297054,0.875195998698473,0.36678992956876755,0.36678992956876755
mnli,2,4,3,1,attention_entropy,1.3854670207947493,3.1599907614290714,1.7745237406343222,1.7745237406343222
mnli,2,4,4,2,effective_rank,24.86084695160389,4.520647663623095,-20.340199287980795,20.340199287980795
mnli,2,4,4,2,stable_rank,1.5013745203614235,1.0807314608246088,-0.4206430595368147,0.4206430595368147
mnli,2,4,4,2,mean_pairwise_cosine,0.5772066349163651,0.9180827606469393,0.34087612573057413,0.34087612573057413
mnli,2,4,4,2,attention_entropy,1.8903314229100943,3.259769555181265,1.3694381322711706,1.3694381322711706
mnli,2,4,5,3,effective_rank,26.054091453552246,4.374212093651295,-21.67987935990095,21.67987935990095
mnli,2,4,5,3,stable_rank,2.025052260607481,1.0941682681441307,-0.9308839924633503,0.9308839924633503
mnli,2,4,5,3,mean_pairwise_cosine,0.4907105159945786,0.9180322689935565,0.4273217529989779,0.4273217529989779
mnli,2,4,5,3,attention_entropy,2.2227202150970697,3.2796423751860857,1.056922160089016,1.056922160089016
mnli,2,8,3,1,effective_rank,28.657424822449684,11.204690150916576,-17.452734671533108,17.452734671533108
mnli,2,8,3,1,stable_rank,1.8207066170871258,1.263652604073286,-0.5570540130138397,0.5570540130138397
mnli,2,8,3,1,mean_pairwise_cosine,0.5084060691297054,0.7808358585461974,0.272429789416492,0.272429789416492
mnli,2,8,3,1,attention_entropy,1.3854670207947493,2.7825298625975847,1.3970628418028355,1.3970628418028355
mnli,2,8,4,2,effective_rank,24.86084695160389,9.384102284908295,-15.476744666695595,15.476744666695595
mnli,2,8,4,2,stable_rank,1.5013745203614235,1.1529032718390226,-0.34847124852240086,0.34847124852240086
mnli,2,8,4,2,mean_pairwise_cosine,0.5772066349163651,0.854645287618041,0.2774386527016759,0.2774386527016759
mnli,2,8,4,2,attention_entropy,1.8903314229100943,3.0389635413885117,1.1486321184784174,1.1486321184784174
mnli,2,8,5,3,effective_rank,26.054091453552246,8.886151477694511,-17.167939975857735,17.167939975857735
mnli,2,8,5,3,stable_rank,2.025052260607481,1.1785947531461716,-0.8464575074613094,0.8464575074613094
mnli,2,8,5,3,mean_pairwise_cosine,0.4907105159945786,0.8546908600255847,0.3639803440310061,0.3639803440310061
mnli,2,8,5,3,attention_entropy,2.2227202150970697,3.1043520998209715,0.8816318847239017,0.8816318847239017
mnli,2,16,3,1,effective_rank,28.657424822449684,18.83031964302063,-9.827105179429054,9.827105179429054
mnli,2,16,3,1,stable_rank,1.8207066170871258,1.4948107693344355,-0.3258958477526903,0.3258958477526903
mnli,2,16,3,1,mean_pairwise_cosine,0.5084060691297054,0.6458994001150131,0.1374933309853077,0.1374933309853077
mnli,2,16,3,1,attention_entropy,1.3854670207947493,2.1427284069359303,0.757261386141181,0.757261386141181
mnli,2,16,4,2,effective_rank,24.86084695160389,16.379551991820335,-8.481294959783554,8.481294959783554
mnli,2,16,4,2,stable_rank,1.5013745203614235,1.3002514820545912,-0.2011230383068323,0.2011230383068323
mnli,2,16,4,2,mean_pairwise_cosine,0.5772066349163651,0.7257412355393171,0.14853460062295198,0.14853460062295198
mnli,2,16,4,2,attention_entropy,1.8903314229100943,2.563138172030449,0.6728067491203547,0.6728067491203547
mnli,2,16,5,3,effective_rank,26.054091453552246,16.301907420158386,-9.75218403339386,9.75218403339386
mnli,2,16,5,3,stable_rank,2.025052260607481,1.4780941549688578,-0.5469581056386232,0.5469581056386232
mnli,2,16,5,3,mean_pairwise_cosine,0.4907105159945786,0.6981258727610111,0.20741535676643252,0.20741535676643252
mnli,2,16,5,3,attention_entropy,2.2227202150970697,2.7007454931735992,0.4780252780765295,0.4780252780765295
mnli,2,32,3,1,effective_rank,28.657424822449684,26.085316330194473,-2.572108492255211,2.572108492255211
mnli,2,32,3,1,stable_rank,1.8207066170871258,1.7589613366872072,-0.061745280399918556,0.061745280399918556
mnli,2,32,3,1,mean_pairwise_cosine,0.5084060691297054,0.5277998726814985,0.0193938035517931,0.0193938035517931
mnli,2,32,3,1,attention_entropy,1.3854670207947493,1.4535483550280333,0.068081334233284,0.068081334233284
mnli,2,32,4,2,effective_rank,24.86084695160389,22.951141878962517,-1.9097050726413727,1.9097050726413727
mnli,2,32,4,2,stable_rank,1.5013745203614235,1.4677922874689102,-0.033582232892513275,0.033582232892513275
mnli,2,32,4,2,mean_pairwise_cosine,0.5772066349163651,0.5974759832024574,0.02026934828609228,0.02026934828609228
mnli,2,32,4,2,attention_entropy,1.8903314229100943,1.9464733991771936,0.05614197626709938,0.05614197626709938
mnli,2,32,5,3,effective_rank,26.054091453552246,24.1603052765131,-1.8937861770391464,1.8937861770391464
mnli,2,32,5,3,stable_rank,2.025052260607481,1.9400837942957878,-0.08496846631169319,0.08496846631169319
mnli,2,32,5,3,mean_pairwise_cosine,0.4907105159945786,0.5154397459700704,0.024729229975491762,0.024729229975491762
mnli,2,32,5,3,attention_entropy,2.2227202150970697,2.2811040803790092,0.05838386528193951,0.05838386528193951
mnli,3,1,4,1,effective_rank,24.86084695160389,1.2764231245964766,-23.584423827007413,23.584423827007413
mnli,3,1,4,1,stable_rank,1.5013745203614235,1.0037148240953684,-0.4976596962660551,0.4976596962660551
mnli,3,1,4,1,mean_pairwise_cosine,0.5772066349163651,0.9933049818500876,0.4160983469337225,0.4160983469337225
mnli,3,1,4,1,attention_entropy,1.8903314229100943,3.5261003375053406,1.6357689145952463,1.6357689145952463
mnli,3,1,5,2,effective_rank,26.054091453552246,1.3333887290209532,-24.720702724531293,24.720702724531293
mnli,3,1,5,2,stable_rank,2.025052260607481,1.0104965846985579,-1.0145556759089231,1.0145556759089231
mnli,3,1,5,2,mean_pairwise_cosine,0.4907105159945786,0.9944978151470423,0.5037872991524637,0.5037872991524637
mnli,3,1,5,2,attention_entropy,2.2227202150970697,3.105998346582055,0.8832781314849854,0.8832781314849854
mnli,3,2,4,1,effective_rank,24.86084695160389,2.307361463084817,-22.553485488519073,22.553485488519073
mnli,3,2,4,1,stable_rank,1.5013745203614235,1.0584441293030977,-0.44293039105832577,0.44293039105832577
mnli,3,2,4,1,mean_pairwise_cosine,0.5772066349163651,0.936869191005826,0.35966255608946085,0.35966255608946085
mnli,3,2,4,1,attention_entropy,1.8903314229100943,3.364554811269045,1.4742233883589506,1.4742233883589506
mnli,3,2,5,2,effective_rank,26.054091453552246,2.414934506639838,-23.639156946912408,23.639156946912408
mnli,3,2,5,2,stable_rank,2.025052260607481,1.0808296781033278,-0.9442225825041533,0.9442225825041533
mnli,3,2,5,2,mean_pairwise_cosine,0.4907105159945786,0.9324991786852479,0.4417886626906693,0.4417886626906693
mnli,3,2,5,2,attention_entropy,2.2227202150970697,2.985265925526619,0.7625457104295492,0.7625457104295492
mnli,3,4,4,1,effective_rank,24.86084695160389,4.874385442584753,-19.986461509019136,19.986461509019136
mnli,3,4,4,1,stable_rank,1.5013745203614235,1.1277944836765528,-0.3735800366848707,0.3735800366848707
mnli,3,4,4,1,mean_pairwise_cosine,0.5772066349163651,0.8744211150333285,0.2972144801169634,0.2972144801169634
mnli,3,4,4,1,attention_entropy,1.8903314229100943,3.1807203367352486,1.2903889138251543,1.2903889138251543
mnli,3,4,5,2,effective_rank,26.054091453552246,4.951284259557724,-21.102807193994522,21.102807193994522
mnli,3,4,5,2,stable_rank,2.025052260607481,1.1513242460787296,-0.8737280145287514,0.8737280145287514
mnli,3,4,5,2,mean_pairwise_cosine,0.4907105159945786,0.8738754289224744,0.3831649129278958,0.3831649129278958
mnli,3,4,5,2,attention_entropy,2.2227202150970697,2.8488147724419832,0.6260945573449135,0.6260945573449135
mnli,3,8,4,1,effective_rank,24.86084695160389,9.645756363868713,-15.215090587735176,15.215090587735176
mnli,3,8,4,1,stable_rank,1.5013745203614235,1.2153481394052505,-0.28602638095617294,0.28602638095617294
mnli,3,8,4,1,mean_pairwise_cosine,0.5772066349163651,0.8006652491167188,0.22345861420035362,0.22345861420035362
mnli,3,8,4,1,attention_entropy,1.8903314229100943,3.0058324486017227,1.1155010256916285,1.1155010256916285
mnli,3,8,5,2,effective_rank,26.054091453552246,10.171380117535591,-15.882711336016655,15.882711336016655
mnli,3,8,5,2,stable_rank,2.025052260607481,1.2874059081077576,-0.7376463524997234,0.7376463524997234
mnli,3,8,5,2,mean_pairwise_cosine,0.4907105159945786,0.7845032997429371,0.2937927837483585,0.2937927837483585
mnli,3,8,5,2,attention_entropy,2.2227202150970697,2.5400702226907015,0.31735000759363174,0.31735000759363174
mnli,3,16,4,1,effective_rank,24.86084695160389,15.691361770033836,-9.169485181570053,9.169485181570053
mnli,3,16,4,1,stable_rank,1.5013745203614235,1.331611705943942,-0.16976281441748142,0.16976281441748142
mnli,3,16,4,1,mean_pairwise_cosine,0.5772066349163651,0.705770124681294,0.12856348976492882,0.12856348976492882
mnli,3,16,4,1,attention_entropy,1.8903314229100943,2.7549559641629457,0.8646245412528515,0.8646245412528515
mnli,3,16,5,2,effective_rank,26.054091453552246,17.171847239136696,-8.88224421441555,8.88224421441555
mnli,3,16,5,2,stable_rank,2.025052260607481,1.5738299489021301,-0.4512223117053509,0.4512223117053509
mnli,3,16,5,2,mean_pairwise_cosine,0.4907105159945786,0.6451359195634723,0.15442540356889367,0.15442540356889367
mnli,3,16,5,2,attention_entropy,2.2227202150970697,2.1897865142673254,-0.03293370082974434,0.03293370082974434
mnli,3,32,4,1,effective_rank,24.86084695160389,21.794503942131996,-3.0663430094718933,3.0663430094718933
mnli,3,32,4,1,stable_rank,1.5013745203614235,1.4498314689844847,-0.05154305137693882,0.05154305137693882
mnli,3,32,4,1,mean_pairwise_cosine,0.5772066349163651,0.6130964932963252,0.03588985837996006,0.03588985837996006
mnli,3,32,4,1,attention_entropy,1.8903314229100943,2.260343234986067,0.37001181207597256,0.37001181207597256
mnli,3,32,5,2,effective_rank,26.054091453552246,23.376459568738937,-2.6776318848133087,2.6776318848133087
mnli,3,32,5,2,stable_rank,2.025052260607481,1.893317349255085,-0.131734911352396,0.131734911352396
mnli,3,32,5,2,mean_pairwise_cosine,0.4907105159945786,0.5285557848401368,0.037845268845558167,0.037845268845558167
mnli,3,32,5,2,attention_entropy,2.2227202150970697,2.1689877156168222,-0.0537324994802475,0.0537324994802475
mnli,4,1,5,1,effective_rank,26.054091453552246,1.7357556968927383,-24.318335756659508,24.318335756659508
mnli,4,1,5,1,stable_rank,2.025052260607481,1.0545872319489717,-0.9704650286585093,0.9704650286585093
mnli,4,1,5,1,mean_pairwise_cosine,0.4907105159945786,0.968592100776732,0.47788158478215337,0.47788158478215337
mnli,4,1,5,1,attention_entropy,2.2227202150970697,3.0256598480045795,0.8029396329075098,0.8029396329075098
mnli,4,2,5,1,effective_rank,26.054091453552246,2.9248734787106514,-23.129217974841595,23.129217974841595
mnli,4,2,5,1,stable_rank,2.025052260607481,1.1457018870860338,-0.8793503735214472,0.8793503735214472
mnli,4,2,5,1,mean_pairwise_cosine,0.4907105159945786,0.8839091714471579,0.39319865545257926,0.39319865545257926
mnli,4,2,5,1,attention_entropy,2.2227202150970697,2.9909163303673267,0.768196115270257,0.768196115270257
mnli,4,4,5,1,effective_rank,26.054091453552246,5.472823344171047,-20.5812681093812,20.5812681093812
mnli,4,4,5,1,stable_rank,2.025052260607481,1.2410442866384983,-0.7840079739689827,0.7840079739689827
mnli,4,4,5,1,mean_pairwise_cosine,0.4907105159945786,0.8063088208436966,0.315598304849118,0.315598304849118
mnli,4,4,5,1,attention_entropy,2.2227202150970697,2.9491273909807205,0.7264071758836508,0.7264071758836508
mnli,4,8,5,1,effective_rank,26.054091453552246,9.85863108932972,-16.195460364222527,16.195460364222527
mnli,4,8,5,1,stable_rank,2.025052260607481,1.3546630553901196,-0.6703892052173615,0.6703892052173615
mnli,4,8,5,1,mean_pairwise_cosine,0.4907105159945786,0.7282457072287798,0.2375351912342012,0.2375351912342012
mnli,4,8,5,1,attention_entropy,2.2227202150970697,2.903537603095174,0.6808173879981041,0.6808173879981041
mnli,4,16,5,1,effective_rank,26.054091453552246,15.887970805168152,-10.166120648384094,10.166120648384094
mnli,4,16,5,1,stable_rank,2.025052260607481,1.543248599395156,-0.4818036612123251,0.4818036612123251
mnli,4,16,5,1,mean_pairwise_cosine,0.4907105159945786,0.6395499631762505,0.14883944718167186,0.14883944718167186
mnli,4,16,5,1,attention_entropy,2.2227202150970697,2.783590318635106,0.5608701035380363,0.5608701035380363
mnli,4,32,5,1,effective_rank,26.054091453552246,22.38401821255684,-3.670073240995407,3.670073240995407
mnli,4,32,5,1,stable_rank,2.025052260607481,1.8221766874194145,-0.20287557318806648,0.20287557318806648
mnli,4,32,5,1,mean_pairwise_cosine,0.4907105159945786,0.5453635491430759,0.05465303314849734,0.05465303314849734
mnli,4,32,5,1,attention_entropy,2.2227202150970697,2.5116399079561234,0.2889196928590536,0.2889196928590536
conll2003,0,1,1,1,effective_rank,17.265850637108088,1.2376221716403961,-16.02822846546769,16.02822846546769
conll2003,0,1,1,1,stable_rank,2.944278821349144,1.0036162324249744,-1.9406625889241695,1.9406625889241695
conll2003,0,1,1,1,mean_pairwise_cosine,0.269447281723842,0.9958976665511727,0.7264503848273307,0.7264503848273307
conll2003,0,1,1,1,attention_entropy,1.4218412637710571,2.6134506054222584,1.1916093416512012,1.1916093416512012
conll2003,0,1,2,2,effective_rank,16.522749196738005,1.1609070841223001,-15.361842112615705,15.361842112615705
conll2003,0,1,2,2,stable_rank,2.207484096288681,1.0017894823104143,-1.2056946139782667,1.2056946139782667
conll2003,0,1,2,2,mean_pairwise_cosine,0.3734480822458863,0.9979515383020043,0.624503456056118,0.624503456056118
conll2003,0,1,2,2,attention_entropy,1.347696307580918,2.682684386149049,1.3349880785681307,1.3349880785681307
conll2003,0,1,3,3,effective_rank,15.551035828888416,1.1200904417783022,-14.430945387110114,14.430945387110114
conll2003,0,1,3,3,stable_rank,1.7780611794441938,1.0011974480003119,-0.776863731443882,0.776863731443882
conll2003,0,1,3,3,mean_pairwise_cosine,0.45738172018900514,0.9984213057905436,0.5410395856015384,0.5410395856015384
conll2003,0,1,3,3,attention_entropy,1.0155574441887438,2.679319018498063,1.6637615743093193,1.6637615743093193
conll2003,0,1,4,4,effective_rank,13.618370953947306,1.1054855287075043,-12.512885425239801,12.512885425239801
conll2003,0,1,4,4,stable_rank,1.5088715218007565,1.0014207120984793,-0.5074508097022772,0.5074508097022772
conll2003,0,1,4,4,mean_pairwise_cosine,0.5106645291671157,0.9951150873675942,0.48445055820047855,0.48445055820047855
conll2003,0,1,4,4,attention_entropy,1.3059460259974003,2.68131729029119,1.3753712642937899,1.3753712642937899
conll2003,0,1,5,5,effective_rank,14.392296604812145,1.1248344387859106,-13.267462166026235,13.267462166026235
conll2003,0,1,5,5,stable_rank,2.046688152477145,1.0058347713202238,-1.0408533811569214,1.0408533811569214
conll2003,0,1,5,5,mean_pairwise_cosine,0.42789528891444206,0.9936271114274859,0.5657318225130439,0.5657318225130439
conll2003,0,1,5,5,attention_entropy,1.5248382221907377,2.648633886128664,1.1237956639379263,1.1237956639379263
conll2003,0,2,1,1,effective_rank,17.265850637108088,2.5033376459032297,-14.762512991204858,14.762512991204858
conll2003,0,2,1,1,stable_rank,2.944278821349144,1.1587493401020765,-1.7855294812470675,1.7855294812470675
conll2003,0,2,1,1,mean_pairwise_cosine,0.269447281723842,0.8602256551384926,0.5907783734146506,0.5907783734146506
conll2003,0,2,1,1,attention_entropy,1.4218412637710571,2.4852133840322495,1.0633721202611923,1.0633721202611923
conll2003,0,2,2,2,effective_rank,16.522749196738005,2.2313498333096504,-14.291399363428354,14.291399363428354
conll2003,0,2,2,2,stable_rank,2.207484096288681,1.0870651844888926,-1.1204189117997885,1.1204189117997885
conll2003,0,2,2,2,mean_pairwise_cosine,0.3734480822458863,0.9186632623896003,0.545215180143714,0.545215180143714
conll2003,0,2,2,2,attention_entropy,1.347696307580918,2.5757510736584663,1.2280547660775483,1.2280547660775483
conll2003,0,2,3,3,effective_rank,15.551035828888416,2.023089999333024,-13.527945829555392,13.527945829555392
conll2003,0,2,3,3,stable_rank,1.7780611794441938,1.062337040901184,-0.7157241385430098,0.7157241385430098
conll2003,0,2,3,3,mean_pairwise_cosine,0.45738172018900514,0.9437739346176386,0.48639221442863345,0.48639221442863345
conll2003,0,2,3,3,attention_entropy,1.0155574441887438,2.552739741280675,1.537182297091931,1.537182297091931
conll2003,0,2,4,4,effective_rank,13.618370953947306,1.7730237916111946,-11.845347162336111,11.845347162336111
conll2003,0,2,4,4,stable_rank,1.5088715218007565,1.032934071496129,-0.4759374503046274,0.4759374503046274
conll2003,0,2,4,4,mean_pairwise_cosine,0.5106645291671157,0.9560782918706536,0.44541376270353794,0.44541376270353794
conll2003,0,2,4,4,attention_entropy,1.3059460259974003,2.6144188791513443,1.308472853153944,1.308472853153944
conll2003,0,2,5,5,effective_rank,14.392296604812145,1.7333044856786728,-12.658992119133472,12.658992119133472
conll2003,0,2,5,5,stable_rank,2.046688152477145,1.0300182458013296,-1.0166699066758156,1.0166699066758156
conll2003,0,2,5,5,mean_pairwise_cosine,0.42789528891444206,0.9579336596652865,0.5300383707508445,0.5300383707508445
conll2003,0,2,5,5,attention_entropy,1.5248382221907377,2.58906514570117,1.0642269235104322,1.0642269235104322
conll2003,0,4,1,1,effective_rank,17.265850637108088,5.448743678629398,-11.81710695847869,11.81710695847869
conll2003,0,4,1,1,stable_rank,2.944278821349144,1.4754266627132893,-1.4688521586358547,1.4688521586358547
conll2003,0,4,1,1,mean_pairwise_cosine,0.269447281723842,0.6628752378746867,0.3934279561508447,0.3934279561508447
conll2003,0,4,1,1,attention_entropy,1.4218412637710571,2.2721689585596323,0.8503276947885752,0.8503276947885752
conll2003,0,4,2,2,effective_rank,16.522749196738005,4.912788510322571,-11.609960686415434,11.609960686415434
conll2003,0,4,2,2,stable_rank,2.207484096288681,1.2953617945313454,-0.9121223017573357,0.9121223017573357
conll2003,0,4,2,2,mean_pairwise_cosine,0.3734480822458863,0.7534742802381516,0.3800261979922652,0.3800261979922652
conll2003,0,4,2,2,attention_entropy,1.347696307580918,2.355061102192849,1.0073647946119308,1.0073647946119308
conll2003,0,4,3,3,effective_rank,15.551035828888416,4.376493223011494,-11.174542605876923,11.174542605876923
conll2003,0,4,3,3,stable_rank,1.7780611794441938,1.1933200992643833,-0.5847410801798105,0.5847410801798105
conll2003,0,4,3,3,mean_pairwise_cosine,0.45738172018900514,0.8031878601759672,0.3458061399869621,0.3458061399869621
conll2003,0,4,3,3,attention_entropy,1.0155574441887438,2.246317903511226,1.2307604593224823,1.2307604593224823
conll2003,0,4,4,4,effective_rank,13.618370953947306,3.4433436542749405,-10.175027299672365,10.175027299672365
conll2003,0,4,4,4,stable_rank,1.5088715218007565,1.1014066245406866,-0.40746489726006985,0.40746489726006985
conll2003,0,4,4,4,mean_pairwise_cosine,0.5106645291671157,0.8397274189628661,0.3290628897957504,0.3290628897957504
conll2003,0,4,4,4,attention_entropy,1.3059460259974003,2.418141986709088,1.1121959607116878,1.1121959607116878
conll2003,0,4,5,5,effective_rank,14.392296604812145,3.354349236935377,-11.037947367876768,11.037947367876768
conll2003,0,4,5,5,stable_rank,2.046688152477145,1.2055186592042446,-0.8411694932729006,0.8411694932729006
conll2003,0,4,5,5,mean_pairwise_cosine,0.42789528891444206,0.8272622163640335,0.39936692744959146,0.39936692744959146
conll2003,0,4,5,5,attention_entropy,1.5248382221907377,2.4046753724105656,0.8798371502198279,0.8798371502198279
conll2003,0,8,1,1,effective_rank,17.265850637108088,9.61780533194542,-7.648045305162668,7.648045305162668
conll2003,0,8,1,1,stable_rank,2.944278821349144,1.9668604228645563,-0.9774183984845877,0.9774183984845877
conll2003,0,8,1,1,mean_pairwise_cosine,0.269447281723842,0.47189574292860925,0.20244846120476723,0.20244846120476723
conll2003,0,8,1,1,attention_entropy,1.4218412637710571,1.9820532575249672,0.5602119937539101,0.5602119937539101
conll2003,0,8,2,2,effective_rank,16.522749196738005,8.953093994408846,-7.569655202329159,7.569655202329159
conll2003,0,8,2,2,stable_rank,2.207484096288681,1.671085748821497,-0.5363983474671841,0.5363983474671841
conll2003,0,8,2,2,mean_pairwise_cosine,0.3734480822458863,0.5584791046567261,0.1850310224108398,0.1850310224108398
conll2003,0,8,2,2,attention_entropy,1.347696307580918,1.9566370588727295,0.6089407512918115,0.6089407512918115
conll2003,0,8,3,3,effective_rank,15.551035828888416,8.242270909249783,-7.308764919638634,7.308764919638634
conll2003,0,8,3,3,stable_rank,1.7780611794441938,1.441677924245596,-0.3363832551985979,0.3363832551985979
conll2003,0,8,3,3,mean_pairwise_cosine,0.45738172018900514,0.6150472196750343,0.15766549948602915,0.15766549948602915
conll2003,0,8,3,3,attention_entropy,1.0155574441887438,1.7638189913704991,0.7482615471817553,0.7482615471817553
conll2003,0,8,4,4,effective_rank,13.618370953947306,6.663709916174412,-6.954661037772894,6.954661037772894
conll2003,0,8,4,4,stable_rank,1.5088715218007565,1.2687268275767565,-0.24014469422399998,0.24014469422399998
conll2003,0,8,4,4,mean_pairwise_cosine,0.5106645291671157,0.6561158313415945,0.14545130217447877,0.14545130217447877
conll2003,0,8,4,4,attention_entropy,1.3059460259974003,2.0554574164561927,0.7495113904587924,0.7495113904587924
conll2003,0,8,5,5,effective_rank,14.392296604812145,6.616042532026768,-7.7762540727853775,7.7762540727853775
conll2003,0,8,5,5,stable_rank,2.046688152477145,1.6237890906631947,-0.42289906181395054,0.42289906181395054
conll2003,0,8,5,5,mean_pairwise_cosine,0.42789528891444206,0.6119354158872738,0.18404012697283179,0.18404012697283179
conll2003,0,8,5,5,attention_entropy,1.5248382221907377,2.120040243025869,0.5952020208351314,0.5952020208351314
conll2003,0,16,1,1,effective_rank,17.265850637108088,13.826027616858482,-3.439823020249605,3.439823020249605
conll2003,0,16,1,1,stable_rank,2.944278821349144,2.515348257496953,-0.42893056385219097,0.42893056385219097
conll2003,0,16,1,1,mean_pairwise_cosine,0.269447281723842,0.33660710672847927,0.06715982500463724,0.06715982500463724
conll2003,0,16,1,1,attention_entropy,1.4218412637710571,1.6520191542804241,0.230177890509367,0.230177890509367
conll2003,0,16,2,2,effective_rank,16.522749196738005,13.173732411116362,-3.349016785621643,3.349016785621643
conll2003,0,16,2,2,stable_rank,2.207484096288681,1.9569985512644053,-0.2504855450242758,0.2504855450242758
conll2003,0,16,2,2,mean_pairwise_cosine,0.3734480822458863,0.4451255570165813,0.07167747477069497,0.07167747477069497
conll2003,0,16,2,2,attention_entropy,1.347696307580918,1.610826174262911,0.263129866681993,0.263129866681993
conll2003,0,16,3,3,effective_rank,15.551035828888416,12.281253792345524,-3.2697820365428925,3.2697820365428925
conll2003,0,16,3,3,stable_rank,1.7780611794441938,1.6111558005213737,-0.1669053789228201,0.1669053789228201
conll2003,0,16,3,3,mean_pairwise_cosine,0.45738172018900514,0.5268553984351456,0.06947367824614048,0.06947367824614048
conll2003,0,16,3,3,attention_entropy,1.0155574441887438,1.316220909357071,0.3006634651683271,0.3006634651683271
conll2003,0,16,4,4,effective_rank,13.618370953947306,10.326372146606445,-3.2919988073408604,3.2919988073408604
conll2003,0,16,4,4,stable_rank,1.5088715218007565,1.390412887558341,-0.11845863424241543,0.11845863424241543
conll2003,0,16,4,4,mean_pairwise_cosine,0.5106645291671157,0.5907422304153442,0.08007770124822855,0.08007770124822855
conll2003,0,16,4,4,attention_entropy,1.3059460259974003,1.6461581750772893,0.34021214907988906,0.34021214907988906
conll2003,0,16,5,5,effective_rank,14.392296604812145,10.57959946244955,-3.8126971423625946,3.8126971423625946
conll2003,0,16,5,5,stable_rank,2.046688152477145,1.8443899620324373,-0.20229819044470787,0.20229819044470787
conll2003,0,16,5,5,mean_pairwise_cosine,0.42789528891444206,0.5255726660834625,0.09767737716902047,0.09767737716902047
conll2003,0,16,5,5,attention_entropy,1.5248382221907377,1.7968100518919528,0.27197182970121503,0.27197182970121503
conll2003,0,32,1,1,effective_rank,17.265850637108088,16.59956732392311,-0.6662833131849766,0.6662833131849766
conll2003,0,32,1,1,stable_rank,2.944278821349144,2.852558422833681,-0.09172039851546288,0.09172039851546288
conll2003,0,32,1,1,mean_pairwise_cosine,0.269447281723842,0.27835150342434645,0.008904221700504422,0.008904221700504422
conll2003,0,32,1,1,attention_entropy,1.4218412637710571,1.479533964768052,0.05769270099699497,0.05769270099699497
conll2003,0,32,2,2,effective_rank,16.522749196738005,16.088570844382048,-0.43417835235595703,0.43417835235595703
conll2003,0,32,2,2,stable_rank,2.207484096288681,2.2224925998598337,0.015008503571152687,0.015008503571152687
conll2003,0,32,2,2,mean_pairwise_cosine,0.3734480822458863,0.36974937934428453,-0.0036987029016017914,0.0036987029016017914
conll2003,0,32,2,2,attention_entropy,1.347696307580918,1.346879665274173,-0.0008166423067450523,0.0008166423067450523
conll2003,0,32,3,3,effective_rank,15.551035828888416,15.243215776979923,-0.30782005190849304,0.30782005190849304
conll2003,0,32,3,3,stable_rank,1.7780611794441938,1.7854651436209679,0.007403964176774025,0.007403964176774025
conll2003,0,32,3,3,mean_pairwise_cosine,0.45738172018900514,0.4514450132846832,-0.005936706904321909,0.005936706904321909
conll2003,0,32,3,3,attention_entropy,1.0155574441887438,1.0957392510026693,0.0801818068139255,0.0801818068139255
conll2003,0,32,4,4,effective_rank,13.618370953947306,13.463231861591339,-0.15513909235596657,0.15513909235596657
conll2003,0,32,4,4,stable_rank,1.5088715218007565,1.512116638943553,0.0032451171427965164,0.0032451171427965164
conll2003,0,32,4,4,mean_pairwise_cosine,0.5106645291671157,0.5047729006037116,-0.005891628563404083,0.005891628563404083
conll2003,0,32,4,4,attention_entropy,1.3059460259974003,1.381902193184942,0.07595616718754172,0.07595616718754172
conll2003,0,32,5,5,effective_rank,14.392296604812145,14.144654102623463,-0.24764250218868256,0.24764250218868256
conll2003,0,32,5,5,stable_rank,2.046688152477145,2.065141500905156,0.01845334842801094,0.01845334842801094
conll2003,0,32,5,5,mean_pairwise_cosine,0.42789528891444206,0.42434647225309163,-0.003548816661350429,0.003548816661350429
conll2003,0,32,5,5,attention_entropy,1.5248382221907377,1.5545390923507512,0.029700870160013437,0.029700870160013437
conll2003,1,1,2,1,effective_rank,16.522749196738005,1.3811541013419628,-15.141595095396042,15.141595095396042
conll2003,1,1,2,1,stable_rank,2.207484096288681,1.0101571697741747,-1.1973269265145063,1.1973269265145063
conll2003,1,1,2,1,mean_pairwise_cosine,0.3734480822458863,0.9886362226679921,0.6151881404221058,0.6151881404221058
conll2003,1,1,2,1,attention_entropy,1.347696307580918,2.62548341602087,1.2777871084399521,1.2777871084399521
conll2003,1,1,3,2,effective_rank,15.551035828888416,1.2668662555515766,-14.28416957333684,14.28416957333684
conll2003,1,1,3,2,stable_rank,1.7780611794441938,1.0038748644292355,-0.7741863150149584,0.7741863150149584
conll2003,1,1,3,2,mean_pairwise_cosine,0.45738172018900514,0.9953294219449162,0.5379477017559111,0.5379477017559111
conll2003,1,1,3,2,attention_entropy,1.0155574441887438,2.6796276438981295,1.6640701997093856,1.6640701997093856
conll2003,1,1,4,3,effective_rank,13.618370953947306,1.1710123978555202,-12.447358556091785,12.447358556091785
conll2003,1,1,4,3,stable_rank,1.5088715218007565,1.001388169825077,-0.5074833519756794,0.5074833519756794
conll2003,1,1,4,3,mean_pairwise_cosine,0.5106645291671157,0.9982305839657784,0.48756605479866266,0.48756605479866266
conll2003,1,1,4,3,attention_entropy,1.3059460259974003,2.684232659637928,1.3782866336405277,1.3782866336405277
conll2003,1,1,5,4,effective_rank,14.392296604812145,1.1558020859956741,-13.236494518816471,13.236494518816471
conll2003,1,1,5,4,stable_rank,2.046688152477145,1.0015360452234745,-1.0451521072536707,1.0451521072536707
conll2003,1,1,5,4,mean_pairwise_cosine,0.42789528891444206,0.9980504233390093,0.5701551344245672,0.5701551344245672
conll2003,1,1,5,4,attention_entropy,1.5248382221907377,2.6724298000335693,1.1475915778428316,1.1475915778428316
conll2003,1,2,2,1,effective_rank,16.522749196738005,2.5807481929659843,-13.94200100377202,13.94200100377202
conll2003,1,2,2,1,stable_rank,2.207484096288681,1.132453877478838,-1.075030218809843,1.075030218809843
conll2003,1,2,2,1,mean_pairwise_cosine,0.3734480822458863,0.8730852911248803,0.499637208878994,0.499637208878994
conll2003,1,2,2,1,attention_entropy,1.347696307580918,2.4924737801775336,1.1447774725966156,1.1447774725966156
conll2003,1,2,3,2,effective_rank,15.551035828888416,2.2741227578371763,-13.27691307105124,13.27691307105124
conll2003,1,2,3,2,stable_rank,1.7780611794441938,1.0814945809543133,-0.6965665984898806,0.6965665984898806
conll2003,1,2,3,2,mean_pairwise_cosine,0.45738172018900514,0.9172987220808864,0.4599170018918812,0.4599170018918812
conll2003,1,2,3,2,attention_entropy,1.0155574441887438,2.5368736563250422,1.5213162121362984,1.5213162121362984
conll2003,1,2,4,3,effective_rank,13.618370953947306,1.9185147006064653,-11.69985625334084,11.69985625334084
conll2003,1,2,4,3,stable_rank,1.5088715218007565,1.0345419384539127,-0.4743295833468437,0.4743295833468437
conll2003,1,2,4,3,mean_pairwise_cosine,0.5106645291671157,0.9461568417027593,0.4354923125356436,0.4354923125356436
conll2003,1,2,4,3,attention_entropy,1.3059460259974003,2.5725405169650912,1.266594490967691,1.266594490967691
conll2003,1,2,5,4,effective_rank,14.392296604812145,1.873771233484149,-12.518525371327996,12.518525371327996
conll2003,1,2,5,4,stable_rank,2.046688152477145,1.0441998522728682,-1.002488300204277,1.002488300204277
conll2003,1,2,5,4,mean_pairwise_cosine,0.42789528891444206,0.943585162051022,0.51568987313658,0.51568987313658
conll2003,1,2,5,4,attention_entropy,1.5248382221907377,2.575116638094187,1.050278415903449,1.050278415903449
conll2003,1,4,2,1,effective_rank,16.522749196738005,5.268095012754202,-11.254654183983803,11.254654183983803
conll2003,1,4,2,1,stable_rank,2.207484096288681,1.3481604736298323,-0.8593236226588488,0.8593236226588488
conll2003,1,4,2,1,mean_pairwise_cosine,0.3734480822458863,0.7112226923927665,0.33777461014688015,0.33777461014688015
conll2003,1,4,2,1,attention_entropy,1.347696307580918,2.2830943590961397,0.9353980515152216,0.9353980515152216
conll2003,1,4,3,2,effective_rank,15.551035828888416,4.712323542684317,-10.8387122862041,10.8387122862041
conll2003,1,4,3,2,stable_rank,1.7780611794441938,1.2206773441284895,-0.5573838353157043,0.5573838353157043
conll2003,1,4,3,2,mean_pairwise_cosine,0.45738172018900514,0.7859639930538833,0.3285822728648782,0.3285822728648782
conll2003,1,4,3,2,attention_entropy,1.0155574441887438,2.2114688735455275,1.1959114293567836,1.1959114293567836
conll2003,1,4,4,3,effective_rank,13.618370953947306,3.786122251302004,-9.832248702645302,9.832248702645302
conll2003,1,4,4,3,stable_rank,1.5088715218007565,1.1156988386064768,-0.39317268319427967,0.39317268319427967
conll2003,1,4,4,3,mean_pairwise_cosine,0.5106645291671157,0.8406659914180636,0.33000146225094795,0.33000146225094795
conll2003,1,4,4,3,attention_entropy,1.3059460259974003,2.343500583898276,1.0375545579008758,1.0375545579008758
conll2003,1,4,5,4,effective_rank,14.392296604812145,3.7004293128848076,-10.691867291927338,10.691867291927338
conll2003,1,4,5,4,stable_rank,2.046688152477145,1.2342645470052958,-0.8124236054718494,0.8124236054718494
conll2003,1,4,5,4,mean_pairwise_cosine,0.42789528891444206,0.8295084019191563,0.40161311300471425,0.40161311300471425
conll2003,1,4,5,4,attention_entropy,1.5248382221907377,2.363617698661983,0.8387794764712453,0.8387794764712453
conll2003,1,8,2,1,effective_rank,16.522749196738005,9.386337038129568,-7.136412158608437,7.136412158608437
conll2003,1,8,2,1,stable_rank,2.207484096288681,1.7104830387979746,-0.49700105749070644,0.49700105749070644
conll2003,1,8,2,1,mean_pairwise_cosine,0.3734480822458863,0.5298719429410994,0.15642386069521308,0.15642386069521308
conll2003,1,8,2,1,attention_entropy,1.347696307580918,1.8313938886858523,0.4836975811049342,0.4836975811049342
conll2003,1,8,3,2,effective_rank,15.551035828888416,8.769397389143705,-6.781638439744711,6.781638439744711
conll2003,1,8,3,2,stable_rank,1.7780611794441938,1.4551456328481436,-0.32291554659605026,0.32291554659605026
conll2003,1,8,3,2,mean_pairwise_cosine,0.45738172018900514,0.6111582620069385,0.15377654181793332,0.15377654181793332
conll2003,1,8,3,2,attention_entropy,1.0155574441887438,1.663340512663126,0.6477830684743822,0.6477830684743822
conll2003,1,8,4,3,effective_rank,13.618370953947306,7.226457726210356,-6.39191322773695,6.39191322773695
conll2003,1,8,4,3,stable_rank,1.5088715218007565,1.277891093865037,-0.2309804279357195,0.2309804279357195
conll2003,1,8,4,3,mean_pairwise_cosine,0.5106645291671157,0.6686796667054296,0.15801513753831387,0.15801513753831387
conll2003,1,8,4,3,attention_entropy,1.3059460259974003,1.9278089771978557,0.6218629512004554,0.6218629512004554
conll2003,1,8,5,4,effective_rank,14.392296604812145,7.365598887205124,-7.026697717607021,7.026697717607021
conll2003,1,8,5,4,stable_rank,2.046688152477145,1.6330642737448215,-0.41362387873232365,0.41362387873232365
conll2003,1,8,5,4,mean_pairwise_cosine,0.42789528891444206,0.6238608658313751,0.19596557691693306,0.19596557691693306
conll2003,1,8,5,4,attention_entropy,1.5248382221907377,1.9956341376528144,0.47079591546207666,0.47079591546207666
conll2003,1,16,2,1,effective_rank,16.522749196738005,13.337788481265306,-3.184960715472698,3.184960715472698
conll2003,1,16,2,1,stable_rank,2.207484096288681,2.00056029856205,-0.20692379772663116,0.20692379772663116
conll2003,1,16,2,1,mean_pairwise_cosine,0.3734480822458863,0.42733535543084145,0.05388727318495512,0.05388727318495512
conll2003,1,16,2,1,attention_entropy,1.347696307580918,1.5484490883536637,0.2007527807727456,0.2007527807727456
conll2003,1,16,3,2,effective_rank,15.551035828888416,12.740562181919813,-2.810473646968603,2.810473646968603
conll2003,1,16,3,2,stable_rank,1.7780611794441938,1.64421908557415,-0.13384209387004375,0.13384209387004375
conll2003,1,16,3,2,mean_pairwise_cosine,0.45738172018900514,0.5100689404644072,0.05268722027540207,0.05268722027540207
conll2003,1,16,3,2,attention_entropy,1.0155574441887438,1.2255904553458095,0.21003301115706563,0.21003301115706563
conll2003,1,16,4,3,effective_rank,13.618370953947306,11.110649030655622,-2.507721923291683,2.507721923291683
conll2003,1,16,4,3,stable_rank,1.5088715218007565,1.4201964996755123,-0.08867502212524414,0.08867502212524414
conll2003,1,16,4,3,mean_pairwise_cosine,0.5106645291671157,0.5702796978875995,0.05961516872048378,0.05961516872048378
conll2003,1,16,4,3,attention_entropy,1.3059460259974003,1.547071702312678,0.24112567631527781,0.24112567631527781
conll2003,1,16,5,4,effective_rank,14.392296604812145,11.519625298678875,-2.8726713061332703,2.8726713061332703
conll2003,1,16,5,4,stable_rank,2.046688152477145,1.875632245093584,-0.17105590738356113,0.17105590738356113
conll2003,1,16,5,4,mean_pairwise_cosine,0.42789528891444206,0.502655150834471,0.07475986192002892,0.07475986192002892
conll2003,1,16,5,4,attention_entropy,1.5248382221907377,1.6983596310019493,0.17352140881121159,0.17352140881121159
conll2003,1,32,2,1,effective_rank,16.522749196738005,15.94460554793477,-0.5781436488032341,0.5781436488032341
conll2003,1,32,2,1,stable_rank,2.207484096288681,2.1838902197778225,-0.023593876510858536,0.023593876510858536
conll2003,1,32,2,1,mean_pairwise_cosine,0.3734480822458863,0.37773690838366747,0.004288826137781143,0.004288826137781143
conll2003,1,32,2,1,attention_entropy,1.347696307580918,1.3508258094079792,0.0031295018270611763,0.0031295018270611763
conll2003,1,32,3,2,effective_rank,15.551035828888416,15.1948253326118,-0.35621049627661705,0.35621049627661705
conll2003,1,32,3,2,stable_rank,1.7780611794441938,1.765769351273775,-0.01229182817041874,0.01229182817041874
conll2003,1,32,3,2,mean_pairwise_cosine,0.45738172018900514,0.460863558575511,0.003481838386505842,0.003481838386505842
conll2003,1,32,3,2,attention_entropy,1.0155574441887438,1.0231980374082923,0.007640593219548464,0.007640593219548464
conll2003,1,32,4,3,effective_rank,13.618370953947306,13.376230608671904,-0.24214034527540207,0.24214034527540207
conll2003,1,32,4,3,stable_rank,1.5088715218007565,1.505593540146947,-0.0032779816538095474,0.0032779816538095474
conll2003,1,32,4,3,mean_pairwise_cosine,0.5106645291671157,0.5137725411914289,0.0031080120243132114,0.0031080120243132114
conll2003,1,32,4,3,attention_entropy,1.3059460259974003,1.3167904405854642,0.010844414588063955,0.010844414588063955
conll2003,1,32,5,4,effective_rank,14.392296604812145,14.15361038595438,-0.2386862188577652,0.2386862188577652
conll2003,1,32,5,4,stable_rank,2.046688152477145,2.036556962877512,-0.010131189599633217,0.010131189599633217
conll2003,1,32,5,4,mean_pairwise_cosine,0.42789528891444206,0.43162807635962963,0.0037327874451875687,0.0037327874451875687
conll2003,1,32,5,4,attention_entropy,1.5248382221907377,1.5364993624389172,0.011661140248179436,0.011661140248179436
conll2003,2,1,3,1,effective_rank,15.551035828888416,1.3363383784890175,-14.214697450399399,14.214697450399399
conll2003,2,1,3,1,stable_rank,1.7780611794441938,1.008333234116435,-0.7697279453277588,0.7697279453277588
conll2003,2,1,3,1,mean_pairwise_cosine,0.45738172018900514,0.9901695549488068,0.5327878347598016,0.5327878347598016
conll2003,2,1,3,1,attention_entropy,1.0155574441887438,2.6502604139968753,1.6347029698081315,1.6347029698081315
conll2003,2,1,4,2,effective_rank,13.618370953947306,1.218361560255289,-12.400009393692017,12.400009393692017
conll2003,2,1,4,2,stable_rank,1.5088715218007565,1.0025676973164082,-0.5063038244843483,0.5063038244843483
conll2003,2,1,4,2,mean_pairwise_cosine,0.5106645291671157,0.9968728991225362,0.4862083699554205,0.4862083699554205
conll2003,2,1,4,2,attention_entropy,1.3059460259974003,2.6830223258584738,1.3770762998610735,1.3770762998610735
conll2003,2,1,5,3,effective_rank,14.392296604812145,1.16733312420547,-13.224963480606675,13.224963480606675
conll2003,2,1,5,3,stable_rank,2.046688152477145,1.0013198889791965,-1.0453682634979486,1.0453682634979486
conll2003,2,1,5,3,mean_pairwise_cosine,0.42789528891444206,0.998545297421515,0.5706500085070729,0.5706500085070729
conll2003,2,1,5,3,attention_entropy,1.5248382221907377,2.6794532239437103,1.1546150017529726,1.1546150017529726
conll2003,2,2,3,1,effective_rank,15.551035828888416,2.390263319015503,-13.160772509872913,13.160772509872913
conll2003,2,2,3,1,stable_rank,1.7780611794441938,1.0814964044839144,-0.6965647749602795,0.6965647749602795
conll2003,2,2,3,1,mean_pairwise_cosine,0.45738172018900514,0.912593238055706,0.4552115178667009,0.4552115178667009
conll2003,2,2,3,1,attention_entropy,1.0155574441887438,2.525704825296998,1.5101473811082542,1.5101473811082542
conll2003,2,2,4,2,effective_rank,13.618370953947306,2.043103665113449,-11.575267288833857,11.575267288833857
conll2003,2,2,4,2,stable_rank,1.5088715218007565,1.038672985509038,-0.4701985362917185,0.4701985362917185
conll2003,2,2,4,2,mean_pairwise_cosine,0.5106645291671157,0.9498714534565806,0.43920692428946495,0.43920692428946495
conll2003,2,2,4,2,attention_entropy,1.3059460259974003,2.5877371709793806,1.2817911449819803,1.2817911449819803
conll2003,2,2,5,3,effective_rank,14.392296604812145,1.8993250131607056,-12.49297159165144,12.49297159165144
conll2003,2,2,5,3,stable_rank,2.046688152477145,1.0367496069520712,-1.009938545525074,1.009938545525074
conll2003,2,2,5,3,mean_pairwise_cosine,0.42789528891444206,0.9618342239409685,0.5339389350265265,0.5339389350265265
conll2003,2,2,5,3,attention_entropy,1.5248382221907377,2.5807018540799618,1.055863631889224,1.055863631889224
conll2003,2,4,3,1,effective_rank,15.551035828888416,4.858316771686077,-10.69271905720234,10.69271905720234
conll2003,2,4,3,1,stable_rank,1.7780611794441938,1.219949571415782,-0.5581116080284119,0.5581116080284119
conll2003,2,4,3,1,mean_pairwise_cosine,0.45738172018900514,0.77913773432374,0.32175601413473487,0.32175601413473487
conll2003,2,4,3,1,attention_entropy,1.0155574441887438,2.23649745574221,1.2209400115534663,1.2209400115534663
conll2003,2,4,4,2,effective_rank,13.618370953947306,3.98203656449914,-9.636334389448166,9.636334389448166
conll2003,2,4,4,2,stable_rank,1.5088715218007565,1.1185901295393705,-0.3902813922613859,0.3902813922613859
conll2003,2,4,4,2,mean_pairwise_cosine,0.5106645291671157,0.8444002862088382,0.33373575704172254,0.33373575704172254
conll2003,2,4,4,2,attention_entropy,1.3059460259974003,2.3815693431533873,1.075623317155987,1.075623317155987
conll2003,2,4,5,3,effective_rank,14.392296604812145,3.6393954753875732,-10.752901129424572,10.752901129424572
conll2003,2,4,5,3,stable_rank,2.046688152477145,1.2038176450878382,-0.842870507389307,0.842870507389307
conll2003,2,4,5,3,mean_pairwise_cosine,0.42789528891444206,0.8511529619572684,0.42325767304282635,0.42325767304282635
conll2003,2,4,5,3,attention_entropy,1.5248382221907377,2.402823240030557,0.8779850178398192,0.8779850178398192
conll2003,2,8,3,1,effective_rank,15.551035828888416,8.57371836528182,-6.977317463606596,6.977317463606596
conll2003,2,8,3,1,stable_rank,1.7780611794441938,1.4267269503325224,-0.35133422911167145,0.35133422911167145
conll2003,2,8,3,1,mean_pairwise_cosine,0.45738172018900514,0.6287865927442908,0.1714048725552857,0.1714048725552857
conll2003,2,8,3,1,attention_entropy,1.0155574441887438,1.7799355401657522,0.7643780959770083,0.7643780959770083
conll2003,2,8,4,2,effective_rank,13.618370953947306,7.185803797096014,-6.432567156851292,6.432567156851292
conll2003,2,8,4,2,stable_rank,1.5088715218007565,1.2576820086687803,-0.2511895131319761,0.2511895131319761
conll2003,2,8,4,2,mean_pairwise_cosine,0.5106645291671157,0.7001671711914241,0.18950264202430844,0.18950264202430844
conll2003,2,8,4,2,attention_entropy,1.3059460259974003,2.013768560718745,0.7078225347213447,0.7078225347213447
conll2003,2,8,5,3,effective_rank,14.392296604812145,6.956724621355534,-7.435571983456612,7.435571983456612
conll2003,2,8,5,3,stable_rank,2.046688152477145,1.5129290372133255,-0.5337591152638197,0.5337591152638197
conll2003,2,8,5,3,mean_pairwise_cosine,0.42789528891444206,0.6782759911147878,0.2503807022003457,0.2503807022003457
conll2003,2,8,5,3,attention_entropy,1.5248382221907377,1.9756186348386109,0.45078041264787316,0.45078041264787316
conll2003,2,16,3,1,effective_rank,15.551035828888416,12.41899187490344,-3.132043953984976,3.132043953984976
conll2003,2,16,3,1,stable_rank,1.7780611794441938,1.6340432222932577,-0.14401795715093613,0.14401795715093613
conll2003,2,16,3,1,mean_pairwise_cosine,0.45738172018900514,0.5163486157543957,0.05896689556539059,0.05896689556539059
conll2003,2,16,3,1,attention_entropy,1.0155574441887438,1.3276673746295273,0.3121099304407835,0.3121099304407835
conll2003,2,16,4,2,effective_rank,13.618370953947306,10.817159254103899,-2.8012116998434067,2.8012116998434067
conll2003,2,16,4,2,stable_rank,1.5088715218007565,1.4138935450464487,-0.09497797675430775,0.09497797675430775
conll2003,2,16,4,2,mean_pairwise_cosine,0.5106645291671157,0.5766390352509916,0.0659745060838759,0.0659745060838759
conll2003,2,16,4,2,attention_entropy,1.3059460259974003,1.614841255825013,0.30889522982761264,0.30889522982761264
conll2003,2,16,5,3,effective_rank,14.392296604812145,11.013314634561539,-3.3789819702506065,3.3789819702506065
conll2003,2,16,5,3,stable_rank,2.046688152477145,1.8405405767261982,-0.206147575750947,0.206147575750947
conll2003,2,16,5,3,mean_pairwise_cosine,0.42789528891444206,0.5182311668759212,0.09033587796147913,0.09033587796147913
conll2003,2,16,5,3,attention_entropy,1.5248382221907377,1.6432967470027506,0.11845852481201291,0.11845852481201291
conll2003,2,32,3,1,effective_rank,15.551035828888416,15.002955447882414,-0.5480803810060024,0.5480803810060024
conll2003,2,32,3,1,stable_rank,1.7780611794441938,1.762170309200883,-0.01589087024331093,0.01589087024331093
conll2003,2,32,3,1,mean_pairwise_cosine,0.45738172018900514,0.4619974922388792,0.004615772049874067,0.004615772049874067
conll2003,2,32,3,1,attention_entropy,1.0155574441887438,1.0202678521163762,0.004710407927632332,0.004710407927632332
conll2003,2,32,4,2,effective_rank,13.618370953947306,13.205792386084795,-0.4125785678625107,0.4125785678625107
conll2003,2,32,4,2,stable_rank,1.5088715218007565,1.4997020531445742,-0.009169468656182289,0.009169468656182289
conll2003,2,32,4,2,mean_pairwise_cosine,0.5106645291671157,0.5152591723017395,0.004594643134623766,0.004594643134623766
conll2003,2,32,4,2,attention_entropy,1.3059460259974003,1.3189745652489364,0.013028539251536131,0.013028539251536131
conll2003,2,32,5,3,effective_rank,14.392296604812145,14.000319004058838,-0.39197760075330734,0.39197760075330734
conll2003,2,32,5,3,stable_rank,2.046688152477145,2.0302658956497908,-0.01642225682735443,0.01642225682735443
conll2003,2,32,5,3,mean_pairwise_cosine,0.42789528891444206,0.43362608167808503,0.005730792763642967,0.005730792763642967
conll2003,2,32,5,3,attention_entropy,1.5248382221907377,1.5378684815950692,0.013030259404331446,0.013030259404331446
conll2003,3,1,4,1,effective_rank,13.618370953947306,1.330584555864334,-12.287786398082972,12.287786398082972
conll2003,3,1,4,1,stable_rank,1.5088715218007565,1.0046423692256212,-0.5042291525751352,0.5042291525751352
conll2003,3,1,4,1,mean_pairwise_cosine,0.5106645291671157,0.9503379454836249,0.43967341631650925,0.43967341631650925
conll2003,3,1,4,1,attention_entropy,1.3059460259974003,2.623761149123311,1.3178151231259108,1.3178151231259108
conll2003,3,1,5,2,effective_rank,14.392296604812145,1.733753900974989,-12.658542703837156,12.658542703837156
conll2003,3,1,5,2,stable_rank,2.046688152477145,1.0883561316877604,-0.9583320207893848,0.9583320207893848
conll2003,3,1,5,2,mean_pairwise_cosine,0.42789528891444206,0.9386044731363654,0.5107091842219234,0.5107091842219234
conll2003,3,1,5,2,attention_entropy,1.5248382221907377,1.4880360830575228,-0.03680213913321495,0.03680213913321495
conll2003,3,2,4,1,effective_rank,13.618370953947306,2.340935282409191,-11.277435671538115,11.277435671538115
conll2003,3,2,4,1,stable_rank,1.5088715218007565,1.077856931835413,-0.4310145899653435,0.4310145899653435
conll2003,3,2,4,1,mean_pairwise_cosine,0.5106645291671157,0.8773368932306767,0.36667236406356096,0.36667236406356096
conll2003,3,2,4,1,attention_entropy,1.3059460259974003,2.4984403839334846,1.1924943579360843,1.1924943579360843
conll2003,3,2,5,2,effective_rank,14.392296604812145,2.7876799274235964,-11.604616677388549,11.604616677388549
conll2003,3,2,5,2,stable_rank,2.046688152477145,1.1658317409455776,-0.8808564115315676,0.8808564115315676
conll2003,3,2,5,2,mean_pairwise_cosine,0.42789528891444206,0.8666632734239101,0.4387679845094681,0.4387679845094681
conll2003,3,2,5,2,attention_entropy,1.5248382221907377,1.463173604104668,-0.06166461808606982,0.06166461808606982
conll2003,3,4,4,1,effective_rank,13.618370953947306,4.407899118959904,-9.210471834987402,9.210471834987402
conll2003,3,4,4,1,stable_rank,1.5088715218007565,1.1816220115870237,-0.3272495102137327,0.3272495102137327
conll2003,3,4,4,1,mean_pairwise_cosine,0.5106645291671157,0.7654058104380965,0.25474128127098083,0.25474128127098083
conll2003,3,4,4,1,attention_entropy,1.3059460259974003,2.3012538203038275,0.9953077943064272,0.9953077943064272
conll2003,3,4,5,2,effective_rank,14.392296604812145,4.9005856066942215,-9.491710998117924,9.491710998117924
conll2003,3,4,5,2,stable_rank,2.046688152477145,1.3550719153136015,-0.6916162371635437,0.6916162371635437
conll2003,3,4,5,2,mean_pairwise_cosine,0.42789528891444206,0.7430749437771738,0.3151796548627317,0.3151796548627317
conll2003,3,4,5,2,attention_entropy,1.5248382221907377,1.4460421614348888,-0.07879606075584888,0.07879606075584888
conll2003,3,8,4,1,effective_rank,13.618370953947306,7.324467107653618,-6.293903846293688,6.293903846293688
conll2003,3,8,4,1,stable_rank,1.5088715218007565,1.3006515484303236,-0.20821997337043285,0.20821997337043285
conll2003,3,8,4,1,mean_pairwise_cosine,0.5106645291671157,0.6609513722360134,0.15028684306889772,0.15028684306889772
conll2003,3,8,4,1,attention_entropy,1.3059460259974003,2.0543322362937033,0.748386210296303,0.748386210296303
conll2003,3,8,5,2,effective_rank,14.392296604812145,8.059734508395195,-6.33256209641695,6.33256209641695
conll2003,3,8,5,2,stable_rank,2.046688152477145,1.5953265447169542,-0.45136160776019096,0.45136160776019096
conll2003,3,8,5,2,mean_pairwise_cosine,0.42789528891444206,0.6177342450246215,0.18983895611017942,0.18983895611017942
conll2003,3,8,5,2,attention_entropy,1.5248382221907377,1.4589331396855414,-0.06590508250519633,0.06590508250519633
conll2003,3,16,4,1,effective_rank,13.618370953947306,10.48795373737812,-3.1304172165691853,3.1304172165691853
conll2003,3,16,4,1,stable_rank,1.5088715218007565,1.4300662856549025,-0.078805236145854,0.078805236145854
conll2003,3,16,4,1,mean_pairwise_cosine,0.5106645291671157,0.5624974025413394,0.05183287337422371,0.05183287337422371
conll2003,3,16,4,1,attention_entropy,1.3059460259974003,1.690066969487816,0.3841209434904158,0.3841209434904158
conll2003,3,16,5,2,effective_rank,14.392296604812145,11.307297594845295,-3.0849990099668503,3.0849990099668503
conll2003,3,16,5,2,stable_rank,2.046688152477145,1.8722979594022036,-0.17439019307494164,0.17439019307494164
conll2003,3,16,5,2,mean_pairwise_cosine,0.42789528891444206,0.4948816755786538,0.06698638666421175,0.06698638666421175
conll2003,3,16,5,2,attention_entropy,1.5248382221907377,1.4881005487404764,-0.036737673450261354,0.036737673450261354
conll2003,3,32,4,1,effective_rank,13.618370953947306,12.891458883881569,-0.7269120700657368,0.7269120700657368
conll2003,3,32,4,1,stable_rank,1.5088715218007565,1.4895893223583698,-0.019282199442386627,0.019282199442386627
conll2003,3,32,4,1,mean_pairwise_cosine,0.5106645291671157,0.5223811301402748,0.011716600973159075,0.011716600973159075
conll2003,3,32,4,1,attention_entropy,1.3059460259974003,1.4395145145244896,0.13356848852708936,0.13356848852708936
conll2003,3,32,5,2,effective_rank,14.392296604812145,13.68876314908266,-0.7035334557294846,0.7035334557294846
conll2003,3,32,5,2,stable_rank,2.046688152477145,2.0041793268173933,-0.04250882565975189,0.04250882565975189
conll2003,3,32,5,2,mean_pairwise_cosine,0.42789528891444206,0.44275593431666493,0.014860645402222872,0.014860645402222872
conll2003,3,32,5,2,attention_entropy,1.5248382221907377,1.4972444861195982,-0.027593736071139574,0.027593736071139574
conll2003,4,1,5,1,effective_rank,14.392296604812145,1.7836825624108315,-12.608614042401314,12.608614042401314
conll2003,4,1,5,1,stable_rank,2.046688152477145,1.083102809265256,-0.9635853432118893,0.9635853432118893
conll2003,4,1,5,1,mean_pairwise_cosine,0.42789528891444206,0.9364614021033049,0.5085661131888628,0.5085661131888628
conll2003,4,1,5,1,attention_entropy,1.5248382221907377,2.3224322143942118,0.797593992203474,0.797593992203474
conll2003,4,2,5,1,effective_rank,14.392296604812145,2.8958504609763622,-11.496446143835783,11.496446143835783
conll2003,4,2,5,1,stable_rank,2.046688152477145,1.196047618985176,-0.8506405334919691,0.8506405334919691
conll2003,4,2,5,1,mean_pairwise_cosine,0.42789528891444206,0.831133037339896,0.4032377484254539,0.4032377484254539
conll2003,4,2,5,1,attention_entropy,1.5248382221907377,2.2860973672941327,0.761259145103395,0.761259145103395
conll2003,4,4,5,1,effective_rank,14.392296604812145,4.95130493119359,-9.440991673618555,9.440991673618555
conll2003,4,4,5,1,stable_rank,2.046688152477145,1.3844858277589083,-0.6622023247182369,0.6622023247182369
conll2003,4,4,5,1,mean_pairwise_cosine,0.42789528891444206,0.7087118558119982,0.2808165668975562,0.2808165668975562
conll2003,4,4,5,1,attention_entropy,1.5248382221907377,2.1934173554182053,0.6685791332274675,0.6685791332274675
conll2003,4,8,5,1,effective_rank,14.392296604812145,7.867154527455568,-6.525142077356577,6.525142077356577
conll2003,4,8,5,1,stable_rank,2.046688152477145,1.6160752568393946,-0.4306128956377506,0.4306128956377506
conll2003,4,8,5,1,mean_pairwise_cosine,0.42789528891444206,0.5929513124283403,0.16505602351389825,0.16505602351389825
conll2003,4,8,5,1,attention_entropy,1.5248382221907377,2.0490017663687468,0.524163544178009,0.524163544178009
conll2003,4,16,5,1,effective_rank,14.392296604812145,11.046546082943678,-3.3457505218684673,3.3457505218684673
conll2003,4,16,5,1,stable_rank,2.046688152477145,1.8841016963124275,-0.16258645616471767,0.16258645616471767
conll2003,4,16,5,1,mean_pairwise_cosine,0.42789528891444206,0.4871614023577422,0.05926611344330013,0.05926611344330013
conll2003,4,16,5,1,attention_entropy,1.5248382221907377,1.748190107755363,0.22335188556462526,0.22335188556462526
conll2003,4,32,5,1,effective_rank,14.392296604812145,13.53594958409667,-0.8563470207154751,0.8563470207154751
conll2003,4,32,5,1,stable_rank,2.046688152477145,1.9957143403589725,-0.050973812118172646,0.050973812118172646
conll2003,4,32,5,1,mean_pairwise_cosine,0.42789528891444206,0.44606995373032987,0.01817466481588781,0.01817466481588781
conll2003,4,32,5,1,attention_entropy,1.5248382221907377,1.6296215234324336,0.10478330124169588,0.10478330124169588
